file_name,header_correct,header_total,item_correct,item_total,document_all_correct
po_001.json,4,4,10,10,1
po_002.json,4,4,20,20,1
po_003.json,4,4,15,15,1
po_004.json,4,4,10,10,1
po_005.json,4,4,10,10,1
po_006.json,4,4,20,20,1
po_007.json,4,4,20,20,1
po_008.json,4,4,15,15,1
po_009.json,4,4,9,10,0
po_010.json,4,4,10,10,1
po_011.json,4,4,20,20,1
po_012.json,4,4,20,20,1
po_013.json,4,4,10,10,1
po_014.json,4,4,10,10,1
po_015.json,4,4,10,10,1
po_016.json,4,4,15,15,1
po_017.json,4,4,10,10,1
po_018.json,4,4,15,15,1
po_019.json,4,4,10,10,1
po_020.json,4,4,5,5,1
po_021.json,4,4,10,10,1
po_022.json,4,4,15,15,1
po_023.json,4,4,20,20,1
po_024.json,4,4,10,10,1
po_025.json,4,4,10,10,1
po_026.json,4,4,15,15,1
po_027.json,4,4,15,15,1
po_028.json,4,4,10,10,1
po_029.json,4,4,15,15,1
po_030.json,4,4,5,5,1
po_031.json,4,4,20,20,1
po_032.json,4,4,20,20,1
po_033.json,4,4,10,10,1
po_034.json,4,4,5,5,1
po_035.json,4,4,20,20,1
po_036.json,4,4,5,5,1
po_037.json,4,4,10,10,1
po_038.json,4,4,15,15,1
po_039.json,4,4,20,20,1
po_040.json,4,4,10,10,1
po_041.json,4,4,5,5,1
po_042.json,4,4,10,10,1
po_043.json,4,4,15,15,1
po_044.json,4,4,15,15,1
po_045.json,4,4,20,20,1
po_046.json,4,4,5,5,1
po_047.json,4,4,20,20,1
po_048.json,4,4,20,20,1
po_049.json,4,4,20,20,1
po_050.json,4,4,5,5,1
