doc_id,gt_doc_id,category,field_name,pred_value,gt_value
L2_A_001,L2_A_001,A,part_number,"[""IR-220"", ""IR-240"", ""IR-410""]","[""IR-220"", ""BK-410"", ""IR-410""]"
L2_A_001,L2_A_001,A,unit_price,"[74.7, 5.11, 61.0]","[74.17, 5.11, 61.0]"
L2_A_002,L2_A_002,A,part_number,"[""JQ-618"", ""AK-610"", ""RB-725"", ""BF-305"", ""EV-220""]","[""JQ-618"", ""AX-410"", ""BK-725"", ""FT-305"", ""EV-220""]"
L2_A_003,L2_A_003,A,po_number,"""po-2025-4483""","""PO-2025-4483"""
L2_A_003,L2_A_003,A,part_number,"[""JR-940"", ""JQ-925"", ""CN-340"", ""BK-305""]","[""IR-940"", ""JQ-725"", ""CN-940"", ""BK-305""]"
L2_A_004,L2_A_004,A,po_date,"""2024-05-08""","""2024-08-05"""
L2_A_004,L2_A_004,A,total_amount,3803.0,3803.92
L2_A_004,L2_A_004,A,part_number,"[""IR-940"", ""AK-220"", ""DX-220""]","[""IR-940"", ""AX-220"", ""DX-220""]"
L2_A_004,L2_A_004,A,unit,"[""pcs"", ""boxes"", null]","[""pcs"", ""boxes"", ""pcs""]"
L2_A_004,L2_A_004,A,unit_price,"[76.73, 33.78, 25.67]","[76.73, 33.77, 25.47]"
L2_A_005,L2_A_005,A,po_number,"""PO-2023-8397""","""PO-2026-8397"""
L2_A_005,L2_A_005,A,part_number,"[""DX-410"", ""AX-410"", ""BX-940"", ""DX-940""]","[""DX-410"", ""AX-410"", ""BK-940"", ""DX-940""]"
L2_A_006,L2_A_006,A,po_date,"""2022-08-11""","""2024-08-11"""
L2_A_006,L2_A_006,A,part_number,"[""EV-830"", ""ER-20"", ""IR-210"", ""DX-725"", ""GX-512""]","[""EV-830"", ""IR-220"", ""BK-410"", ""DX-725"", ""GX-512""]"
L2_A_006,L2_A_006,A,unit,"[""EA"", null, ""EA"", ""pcs"", ""sets""]","[""EA"", ""pcs"", ""EA"", ""pcs"", ""sets""]"
L2_A_006,L2_A_006,A,unit_price,"[43.34, 43.34, 83.93, 49.59, 39.14]","[43.34, 45.43, 83.93, 49.59, 39.14]"
L2_A_006,L2_A_006,A,line_amount,"[433.4, 272.08, 3021.48, 1388.52, 469.68]","[433.4, 272.58, 3021.48, 1388.52, 469.68]"
L2_A_007,L2_A_007,A,part_number,"[""JQ-410"", ""E5-210"", ""E5-210"", ""CM-512"", ""BK-100""]","[""JQ-410"", ""BK-725"", ""EV-410"", ""CN-512"", ""BK-100""]"
L2_A_008,L2_A_008,A,po_date,"""2024-07-08""","""2024-08-07"""
L2_A_008,L2_A_008,A,part_number,"[""FM-210"", ""AK-200"", ""RT-305"", ""TR-725""]","[""FT-410"", ""AX-220"", ""FT-305"", ""IR-725""]"
L2_A_008,L2_A_008,A,unit_price,"[61.27, 49.68, 6.32, 74.64]","[61.27, 49.88, 6.32, 74.64]"
L2_A_009,L2_A_009,A,po_date,"""2025-06-03""","""2025-03-06"""
L2_A_009,L2_A_009,A,part_number,"[""GX-305"", ""CN-725"", ""MT-725"", ""BK-725""]","[""GX-305"", ""CN-725"", ""FT-725"", ""BK-725""]"
L2_A_009,L2_A_009,A,unit,"[""EA"", ""PCS"", ""EA"", ""PCS""]","[""EA"", ""pcs"", ""EA"", ""pcs""]"
L2_A_010,L2_A_010,A,part_number,"[""EV-305"", ""J0-725""]","[""EV-305"", ""JQ-725""]"
L2_A_010,L2_A_010,A,unit_price,"[87.55, 5.75]","[87.95, 5.75]"
L2_A_011,L2_A_011,A,po_date,"""2025-07-09""","""2025-09-07"""
L2_A_011,L2_A_011,A,total_amount,542.01,5428.01
L2_A_011,L2_A_011,A,part_number,"[""IR-305"", ""GK-305"", ""IR-100"", ""JG-618""]","[""IR-305"", ""GX-305"", ""IR-100"", ""JQ-618""]"
L2_A_011,L2_A_011,A,line_amount,"[1899.91, 1880.48, 1166.62, 452.0]","[1898.91, 1880.48, 1196.62, 452.0]"
L2_A_012,L2_A_012,A,po_number,"""PO-2024-1157""","""PO-2024-1757"""
L2_A_012,L2_A_012,A,part_number,"[""JQ-410"", ""CN-100"", ""IR-830"", ""BK-230"", ""IR-618""]","[""JQ-410"", ""CN-100"", ""IR-830"", ""BK-830"", ""IR-618""]"
L2_A_012,L2_A_012,A,quantity,"[28, 30, 29, 37, 31]","[28, 33, 29, 37, 31]"
L2_A_012,L2_A_012,A,line_amount,"[2487.52, 1235.1, 680.05, 977.54, 2090.02]","[2487.52, 1358.61, 680.05, 977.54, 2090.02]"
L2_A_013,L2_A_013,A,po_number,"""PO-2026-5661""","""PO-2026-5681"""
L2_A_013,L2_A_013,A,part_number,"[""GX-305"", ""FF-940""]","[""GX-305"", ""FT-940""]"
L2_A_014,L2_A_014,A,po_date,"""2023-03-27""","""2025-03-27"""
L2_A_014,L2_A_014,A,total_amount,631.29,6391.29
L2_A_014,L2_A_014,A,part_number,"[""JT-725"", ""JK-920"", ""AA-220"", ""CM-100"", ""MS-610""]","[""FT-725"", ""JQ-940"", ""AX-220"", ""CN-100"", ""HM-618""]"
L2_A_014,L2_A_014,A,unit_price,"[4.84, 82.12, 60.11, 86.95, 34.08]","[4.84, 92.12, 60.01, 86.95, 34.08]"
L2_A_014,L2_A_014,A,line_amount,"[159.72, 2555.72, 1620.27, 869.5, 886.08]","[159.72, 2855.72, 1620.27, 869.5, 886.08]"
L2_A_015,L2_A_015,A,po_number,"""PO-2024-4906""","""PO-2024-4908"""
L2_A_015,L2_A_015,A,total_amount,3633.84,3063.84
L2_A_015,L2_A_015,A,part_number,"[""CN-220"", ""AK-512"", ""DX-220"", ""EV-220"", ""GX-618""]","[""CN-220"", ""AX-512"", ""DX-220"", ""EV-220"", ""GX-618""]"
L2_A_015,L2_A_015,A,unit,"[""EA"", ""EA"", ""units"", ""units"", ""pcs""]","[""EA"", ""units"", ""units"", ""units"", ""pcs""]"
L2_A_015,L2_A_015,A,unit_price,"[17.16, 12.59, 40.87, 11.99, 36.03]","[77.16, 12.59, 40.87, 11.99, 36.03]"
L2_A_015,L2_A_015,A,line_amount,"[388.88, 263.39, 1062.62, 203.83, 144.12]","[1388.88, 264.39, 1062.62, 203.83, 144.12]"
L2_A_016,L2_A_016,A,po_date,"""2022-06-11""","""2026-06-11"""
L2_A_016,L2_A_016,A,part_number,"[""BK-512"", ""PO-725"", ""MF-305"", ""EV-618""]","[""BK-512"", ""JQ-725"", ""FT-305"", ""EV-618""]"
L2_A_016,L2_A_016,A,unit_price,"[83.81, 75.55, 50.44, 36.77]","[83.41, 75.55, 50.44, 36.77]"
L2_A_017,L2_A_017,A,total_amount,827.39,8279.39
L2_A_017,L2_A_017,A,part_number,"[""GX-940"", ""EV-512"", ""DX-518"", ""CN-410"", ""JQ-940""]","[""GX-940"", ""EV-512"", ""DX-618"", ""CN-410"", ""JQ-940""]"
L2_A_017,L2_A_017,A,unit_price,"[54.0, 70.88, 13.82, 95.19, 29.1]","[54.03, 70.88, 13.82, 95.19, 29.1]"
L2_A_018,L2_A_018,A,po_number,"""PO-2025-2600""","""PO-2025-2680"""
L2_A_018,L2_A_018,A,part_number,"[""AX-512"", ""GX-630"", ""AX-305"", ""BK-410"", ""JY-410""]","[""AX-512"", ""GX-830"", ""AX-305"", ""BK-410"", ""JQ-410""]"
L2_A_018,L2_A_018,A,unit_price,"[35.59, 82.57, 63.69, 95.01, 76.92]","[35.39, 82.57, 63.69, 95.01, 76.92]"
L2_A_019,L2_A_019,A,currency,null,"""EUR"""
L2_A_019,L2_A_019,A,part_number,"[""EV-830"", ""JO-310"", ""CN-512"", ""EV-512""]","[""EV-830"", ""JQ-410"", ""CN-512"", ""EV-512""]"
L2_A_020,L2_A_020,A,po_number,"""Po-2024-3870""","""PO-2024-3870"""
L2_A_020,L2_A_020,A,po_date,"""2022-08-21""","""2026-08-21"""
L2_A_020,L2_A_020,A,part_number,"[""HM-220"", ""FM-220"", ""HM-512""]","[""HM-220"", ""FT-220"", ""HM-512""]"
L2_A_021,L2_A_021,A,po_date,"""2024-05-09""","""2024-09-25"""
L2_A_022,L2_A_022,A,po_number,"""PO-20226-3369""","""PO-2026-3369"""
L2_A_022,L2_A_022,A,po_date,"""2020-02-24""","""2026-02-24"""
L2_A_023,L2_A_023,A,part_number,"[""HM-220"", ""CN-228"", ""EV-518"", ""PF-940""]","[""HM-220"", ""CN-725"", ""EV-618"", ""FT-940""]"
L2_A_024,L2_A_024,A,part_number,"[""JQ-725"", ""JQ-305"", ""HM-312""]","[""JQ-725"", ""JQ-305"", ""HM-512""]"
L2_A_024,L2_A_024,A,unit_price,"[19.16, 50.79, 64.51]","[19.16, 50.77, 64.51]"
L2_A_025,L2_A_025,A,part_number,"[""AX-830"", ""FT-010""]","[""AX-830"", ""FT-410""]"
L2_A_025,L2_A_025,A,line_amount,"[3277.64, 983.84]","[3297.64, 983.84]"
L2_A_026,L2_A_026,A,po_date,"""2024-01-19""","""2026-01-19"""
L2_A_026,L2_A_026,A,total_amount,6927.77,4692.87
L2_A_026,L2_A_026,A,part_number,"[""EM-512"", ""BK-305"", ""IR-318""]","[""HM-512"", ""BK-305"", ""IR-618""]"
L2_A_026,L2_A_026,A,quantity,"[18, 9, 7]","[18, 9, 27]"
L2_A_026,L2_A_026,A,unit_price,"[91.5, 47.5, 96.79]","[91.58, 47.9, 96.79]"
L2_A_026,L2_A_026,A,line_amount,"[1648.44, 411.1, 2631.33]","[1648.44, 431.1, 2613.33]"
L2_A_027,L2_A_027,A,po_number,"""PO-2025-7869""","""PO-2025-7689"""
L2_A_027,L2_A_027,A,po_date,"""2024-01-26""","""2024-08-26"""
L2_A_027,L2_A_027,A,part_number,"[""DX-940"", ""IR-725"", ""BR-830"", ""EV-100""]","[""DX-940"", ""IR-725"", ""BK-830"", ""EV-100""]"
L2_A_027,L2_A_027,A,unit_price,"[13.38, 46.86, 88.77, 94.03]","[13.38, 46.46, 88.77, 94.03]"
L2_A_028,L2_A_028,A,part_number,"[""IR-410"", ""DK-618"", ""CN-305""]","[""IR-410"", ""DX-618"", ""CN-305""]"
L2_A_028,L2_A_028,A,quantity,"[38, 15, 10]","[38, 15, 40]"
L2_A_029,L2_A_029,A,total_amount,6561.0,6561.02
L2_A_029,L2_A_029,A,part_number,"[""BK-330"", ""AX-900"", ""AX-100"", ""BK-330"", ""FF-305""]","[""BK-830"", ""AX-940"", ""AX-100"", ""BK-830"", ""FT-305""]"
L2_A_029,L2_A_029,A,unit_price,"[52.3, 94.5, 65.05, 43.77, 90.13]","[52.3, 94.65, 65.05, 43.77, 90.13]"
L2_A_029,L2_A_029,A,line_amount,"[1307.5, 1514.0, 2016.55, 1181.79, 540.78]","[1307.5, 1514.4, 2016.55, 1181.79, 540.78]"
L2_A_030,L2_A_030,A,part_number,"[""PM-305"", ""BK-206"", ""PT-305"", ""IR-940"", ""GK-100""]","[""FT-305"", ""BK-220"", ""FT-305"", ""IR-940"", ""GX-100""]"
L2_A_031,L2_A_031,A,part_number,"[""EV-618"", ""CN-725"", ""AX-210"", ""HM-618""]","[""EV-618"", ""CN-725"", ""AX-220"", ""HM-618""]"
L2_A_031,L2_A_031,A,quantity,"[3, 2, 1, 15]","[3, 2, 11, 15]"
L2_A_031,L2_A_031,A,unit_price,"[19.68, 19.56, 74.61, 38.87]","[19.68, 19.78, 74.61, 38.87]"
L2_A_032,L2_A_032,A,po_date,"""2025-07-01""","""2025-07-13"""
L2_A_032,L2_A_032,A,part_number,"[""JQ-30"", ""QK-30"", ""QX-305"", ""AX-30""]","[""JQ-830"", ""GX-100"", ""DX-305"", ""AX-830""]"
L2_A_034,L2_A_034,A,total_amount,1222.58,7222.58
L2_A_034,L2_A_034,A,part_number,"[""EW-100"", ""EB-330"", ""EW-220"", ""EM-940"", ""JQ-410""]","[""EV-100"", ""HM-830"", ""EV-220"", ""HM-940"", ""JQ-410""]"
L2_A_034,L2_A_034,A,unit_price,"[63.88, 9.37, 38.14, 51.69, 91.09]","[63.88, 9.27, 38.14, 51.69, 91.09]"
L2_A_035,L2_A_035,A,po_number,"""po-2026-3600""","""PO-2026-3600"""
L2_A_035,L2_A_035,A,part_number,"[""AK-610"", ""GX-512"", ""FV-720"", ""EV-725"", ""BX-512""]","[""AX-618"", ""GX-512"", ""FT-220"", ""EV-725"", ""BK-512""]"
L2_A_035,L2_A_035,A,unit_price,"[68.53, 11.16, 87.58, 91.84, 71.47]","[68.53, 11.26, 87.58, 91.84, 71.47]"
L2_A_035,L2_A_035,A,line_amount,"[1576.19, 258.89, 3503.2, 1010.24, 2850.8]","[1576.19, 258.98, 3503.2, 1010.24, 2858.8]"
L2_A_036,L2_A_036,A,part_number,"[""CN-305"", ""AK-725"", ""UJ-512"", ""EV-930""]","[""CN-305"", ""AX-725"", ""JQ-512"", ""EV-830""]"
L2_A_036,L2_A_036,A,line_amount,"[605.3, 872.16, 1629.34, 869.28]","[605.3, 872.16, 1649.34, 869.28]"
L2_A_037,L2_A_037,A,po_date,"""2026-01-11""","""2026-11-17"""
L2_A_037,L2_A_037,A,total_amount,463.1,4643.1
L2_A_037,L2_A_037,A,part_number,"[""AX-725"", ""AX-725"", ""PT-220""]","[""AX-725"", ""DX-725"", ""FT-220""]"
L2_A_038,L2_A_038,A,po_date,"""2022-06-15""","""2026-05-16"""
L2_A_038,L2_A_038,A,part_number,"[""GX-330"", ""EM-940"", ""CN-512"", ""DX-725""]","[""GX-830"", ""HM-940"", ""CN-512"", ""DX-725""]"
L2_A_039,L2_A_039,A,part_number,"[""IR-318"", ""HM-805"", ""WM-100"", ""DX-100""]","[""IR-618"", ""HM-305"", ""HM-100"", ""DX-100""]"
L2_A_040,L2_A_040,A,part_number,"[""IR-312"", ""JO-308"", ""RK-816"", ""GK-305"", ""FT-725""]","[""IR-512"", ""JQ-305"", ""BK-618"", ""GX-305"", ""FT-725""]"
L2_A_041,L2_A_041,A,part_number,"[""PT-725"", ""BK-100""]","[""FT-725"", ""BK-100""]"
L2_A_042,L2_A_042,A,total_amount,1791.14,1779.14
L2_A_042,L2_A_042,A,part_number,"[""CN-518"", ""DX-608"", ""IK-818"", ""BK-220""]","[""CN-618"", ""DX-305"", ""IR-618"", ""BK-220""]"
L2_A_043,L2_A_043,A,part_number,"[""DX-618"", ""EV-610"", ""EV-940""]","[""DX-618"", ""EV-410"", ""EV-940""]"
L2_A_043,L2_A_043,A,unit_price,"[33.64, 84.9, 14.27]","[33.62, 84.9, 14.27]"
L2_A_044,L2_A_044,A,quantity,"[32, 62, 32, 22]","[32, 6, 32, 22]"
L2_A_044,L2_A_044,A,unit,"[""sets"", null, ""boxes"", ""EA""]","[""sets"", ""sets"", ""boxes"", ""EA""]"
L2_A_044,L2_A_044,A,unit_price,"[26.0, 69.68, 47.52, 73.95]","[26.0, 69.48, 47.52, 73.95]"
L2_A_045,L2_A_045,A,total_amount,523.53,5632.53
L2_A_045,L2_A_045,A,part_number,"[""BK-725"", ""BK-618"", ""JD-930"", ""BK-725"", ""GX-618""]","[""BK-725"", ""DX-618"", ""JQ-830"", ""BK-725"", ""GX-618""]"
L2_A_045,L2_A_045,A,line_amount,"[1065.54, 2999.94, 147.85, 100.8, 1319.4]","[1065.54, 2998.94, 147.85, 100.8, 1319.4]"
L2_A_047,L2_A_047,A,part_number,"[""JK-725"", ""JK-726"", ""CN-725""]","[""JQ-725"", ""BK-410"", ""CN-725""]"
L2_A_047,L2_A_047,A,unit_price,"[63.64, 5.99, 32.74]","[63.64, 5.09, 32.74]"
L2_A_048,L2_A_048,A,part_number,"[""DX-512"", ""EM-612"", ""EV-512""]","[""DX-512"", ""HM-618"", ""EV-512""]"
L2_A_048,L2_A_048,A,line_amount,"[1071.11, 1044.6, 1366.52]","[1077.11, 1044.6, 1366.32]"
L2_A_049,L2_A_049,A,total_amount,422.0,422.4
L2_A_049,L2_A_049,A,part_number,"[""IR-410"", ""IR-330"", ""IR-305""]","[""IR-410"", ""FT-830"", ""IR-305""]"
L2_A_049,L2_A_049,A,quantity,"[5, 5, 1]","[5, 5, 10]"
L2_A_049,L2_A_049,A,line_amount,"[338.2, 59.1, 2.51]","[338.2, 59.1, 25.1]"
L2_A_050,L2_A_050,A,part_number,"[""IR-940"", ""EM-512"", ""RW-512"", ""EV-410""]","[""IR-940"", ""HM-512"", ""HM-512"", ""EV-410""]"
L2_A_050,L2_A_050,A,unit_price,"[46.5, 85.4, 34.41, 74.19]","[46.53, 85.4, 34.41, 74.19]"
L2_B_001,L2_B_001,B,po_date,null,"""2025-06-19"""
L2_B_001,L2_B_001,B,part_number,"[""CN-78"", ""EV-618""]","[""CN-725"", ""EV-618""]"
L2_B_002,L2_B_002,B,total_amount,2564.42,2568.42
L2_B_002,L2_B_002,B,part_number,"[""IR-940"", ""CR-618""]","[""IR-940"", ""CN-618""]"
L2_B_002,L2_B_002,B,unit,"[""EA"", ""EA""]","[""EA"", ""units""]"
L2_B_003,L2_B_003,B,po_date,"""2025-03-23""","""2025-09-23"""
L2_B_003,L2_B_003,B,part_number,"[""Part JQ-220"", ""Part BK-900"", ""Part HM-100"", ""Part CN-725""]","[""JQ-220"", ""BK-940"", ""HM-100"", ""CN-725""]"
L2_B_003,L2_B_003,B,quantity,"[29, 29, 6, 28]","[2, 29, 6, 28]"
L2_B_003,L2_B_003,B,unit,"[""pcs"", ""pcs"", ""units"", ""boxes""]","[""pcs"", ""pcs"", ""boxes"", ""boxes""]"
L2_B_003,L2_B_003,B,unit_price,"[75.09, 35.76, 19.64, 19.64]","[75.09, 35.76, 98.64, 19.64]"
L2_B_004,L2_B_004,B,po_number,"""po-2025-8855""","""PO-2025-8585"""
L2_B_004,L2_B_004,B,quantity,"[31, 4, 1]","[31, 4, 15]"
L2_B_004,L2_B_004,B,unit,"[""pcs"", ""EA"", null]","[""pcs"", ""EA"", ""sets""]"
L2_B_004,L2_B_004,B,line_amount,"[1115.52, 325.32, 128.85]","[1113.52, 325.32, 128.85]"
L2_B_005,L2_B_005,B,po_date,"""2023-04-03""","""2025-04-30"""
L2_B_005,L2_B_005,B,part_number,"[""IR-305"", ""PR-725"", ""GX-305"", ""IR-830"", ""CR-830""]","[""IR-305"", ""FT-725"", ""GX-305"", ""IR-830"", ""CN-830""]"
L2_B_005,L2_B_005,B,quantity,"[21, 37, 22, 16, 16]","[21, 37, 22, 26, 16]"
L2_B_005,L2_B_005,B,unit_price,"[28.97, 50.57, 70.24, 20.2, 31.47]","[28.97, 50.57, 70.24, 20.02, 31.47]"
L2_B_006,L2_B_006,B,part_number,"[""G0-940"", ""F2-511""]","[""JQ-940"", ""FT-512""]"
L2_B_006,L2_B_006,B,unit,"[""EA"", null]","[""EA"", ""pcs""]"
L2_B_007,L2_B_007,B,po_date,"""2022-06-05""","""2026-01-05"""
L2_B_007,L2_B_007,B,part_number,"[""Part EH-618"", ""Part AW-410"", ""Part DX-725"", ""Part DX-725"", ""Part FT-751""]","[""HM-618"", ""AX-410"", ""JQ-725"", ""DX-725"", ""FT-512""]"
L2_B_007,L2_B_007,B,quantity,"[31, 25, 3, 1, 1]","[31, 25, 3, 11, 17]"
L2_B_007,L2_B_007,B,unit,"[""EA"", null, ""boxes"", null, ""sets""]","[""EA"", ""EA"", ""boxes"", ""units"", ""sets""]"
L2_B_007,L2_B_007,B,unit_price,"[11.66, 32.67, 271.56, 213.23, 50.91]","[11.66, 32.67, 27.56, 21.23, 50.93]"
L2_B_007,L2_B_007,B,line_amount,"[361.46, 816.75, 82.68, 233.53, 65.81]","[361.46, 816.75, 82.68, 233.53, 865.81]"
L2_B_008,L2_B_008,B,total_amount,3743.83,3743.85
L2_B_008,L2_B_008,B,part_number,"[""RM-618"", ""AX-100"", ""AX-940""]","[""HM-618"", ""AX-100"", ""AX-940""]"
L2_B_008,L2_B_008,B,quantity,"[2, 2, 37]","[2, 32, 37]"
L2_B_008,L2_B_008,B,line_amount,"[46.86, 131.52, 1565.47]","[46.86, 2131.52, 1565.47]"
L2_B_009,L2_B_009,B,po_number,"""po-2025-7502""","""PO-2025-7502"""
L2_B_009,L2_B_009,B,part_number,"[""BK-100"", ""BK-830"", ""BK-830""]","[""BK-100"", ""IR-830"", ""BK-830""]"
L2_B_010,L2_B_010,B,po_date,"""2023-03-26""","""2026-03-26"""
L2_B_010,L2_B_010,B,part_number,"[""CX-940"", ""CX-220"", ""CX-210""]","[""GX-940"", ""CN-220"", ""GX-410""]"
L2_B_010,L2_B_010,B,unit,"[""boxes"", null, ""pcs""]","[""boxes"", ""units"", ""pcs""]"
L2_B_011,L2_B_011,B,po_date,"""2023-08-17""","""2025-08-27"""
L2_B_011,L2_B_011,B,part_number,"[""CH-725"", ""AX-312"", ""BX-305"", ""IR-940""]","[""CN-725"", ""AX-512"", ""BK-305"", ""IR-940""]"
L2_B_011,L2_B_011,B,unit_price,"[39.24, 11.0, 76.61, 44.24]","[39.24, 12.44, 76.61, 44.24]"
L2_B_011,L2_B_011,B,line_amount,"[431.64, 275.0, 1915.25, 575.12]","[431.64, 311.0, 1915.25, 575.12]"
L2_B_012,L2_B_012,B,part_number,"[""HM-305"", ""GK-512"", ""PT-830""]","[""HM-305"", ""GX-512"", ""DX-830""]"
L2_B_012,L2_B_012,B,unit,"[null, null, null]","[""pcs"", ""sets"", ""units""]"
L2_B_013,L2_B_013,B,po_date,"""2025-10-08""","""2025-10-18"""
L2_B_013,L2_B_013,B,total_amount,959.3,5969.3
L2_B_013,L2_B_013,B,part_number,"[""PT-751"", ""PT-205"", ""PT-410"", ""TK-100""]","[""FT-512"", ""FT-725"", ""JQ-410"", ""IR-100""]"
L2_B_013,L2_B_013,B,unit,"[""sets"", ""boxes"", ""units"", null]","[""sets"", ""boxes"", ""units"", ""sets""]"
L2_B_013,L2_B_013,B,unit_price,"[96.53, 76.63, 37.71, 19.63]","[96.53, 78.63, 37.77, 19.63]"
L2_B_013,L2_B_013,B,line_amount,"[1254.89, 2897.94, 1019.79, 706.68]","[1254.89, 2987.94, 1019.79, 706.68]"
L2_B_014,L2_B_014,B,po_date,"""2026-08-09""","""2026-09-08"""
L2_B_014,L2_B_014,B,part_number,"[""RT-22"", ""RT-305""]","[""IR-220"", ""FT-305""]"
L2_B_014,L2_B_014,B,unit,"[null, null]","[""pcs"", ""units""]"
L2_B_015,L2_B_015,B,po_date,"""2026-01-07""","""2026-07-01"""
L2_B_015,L2_B_015,B,part_number,"[""HM-220"", ""HM-240"", ""HM-410""]","[""HM-220"", ""BK-220"", ""HM-410""]"
L2_B_015,L2_B_015,B,unit_price,"[99.77, 92.37, 32.57]","[99.77, 92.21, 32.57]"
L2_B_016,L2_B_016,B,po_date,"""2022-11-22""","""2026-11-22"""
L2_B_016,L2_B_016,B,part_number,"[""H-410"", ""GX-725"", ""CX-725"", ""BK-220""]","[""HM-410"", ""GX-725"", ""GX-725"", ""BK-220""]"
L2_B_016,L2_B_016,B,quantity,"[37, 13, 1, 15]","[37, 13, 14, 15]"
L2_B_016,L2_B_016,B,unit_price,"[43.78, 20.07, 46.6, 22.17]","[43.78, 20.27, 46.06, 22.17]"
L2_B_016,L2_B_016,B,line_amount,"[1619.86, 263.51, 46.84, 332.55]","[1619.86, 263.51, 644.84, 332.55]"
L2_B_017,L2_B_017,B,total_amount,2667.0,2667.5
L2_B_017,L2_B_017,B,part_number,"[""EY-220"", ""ITR-725"", ""GX-725""]","[""EV-220"", ""IR-725"", ""GX-725""]"
L2_B_018,L2_B_018,B,po_date,"""2023-10-02""","""2026-10-10"""
L2_B_018,L2_B_018,B,part_number,"[""JX-100"", ""DX-940"", ""JX-800"", ""BX-512"", ""AX-830""]","[""JQ-100"", ""DX-940"", ""JQ-830"", ""BK-512"", ""AX-830""]"
L2_B_018,L2_B_018,B,quantity,"[33, 20, 12, 1, 21]","[33, 20, 12, 34, 25]"
L2_B_018,L2_B_018,B,unit,"[""EA"", ""boxes"", null, null, null]","[""EA"", ""boxes"", ""units"", ""units"", ""units""]"
L2_B_018,L2_B_018,B,line_amount,"[606.87, 104.0, 942.12, 13.09, 1157.52]","[606.87, 104.0, 942.12, 445.06, 1378.0]"
L2_B_019,L2_B_019,B,po_date,"""2022-12-05""","""2024-12-05"""
L2_B_019,L2_B_019,B,part_number,"[""IR-512"", ""EV-512"", ""IR-19""]","[""IR-512"", ""EV-512"", ""IR-220""]"
L2_B_019,L2_B_019,B,quantity,"[5, 36, 2]","[5, 36, 19]"
L2_B_019,L2_B_019,B,unit,"[""units"", ""units"", ""units""]","[""units"", ""units"", ""EA""]"
L2_B_020,L2_B_020,B,currency,null,"""EUR"""
L2_B_021,L2_B_021,B,po_number,"""po-2025-6631""","""PO-2025-6631"""
L2_B_021,L2_B_021,B,po_date,"""2024-09-04""","""2024-04-09"""
L2_B_021,L2_B_021,B,part_number,"[""CH-930"", ""CX-410""]","[""CN-830"", ""GX-410""]"
L2_B_022,L2_B_022,B,part_number,"[""JQ-410"", ""PT-220"", ""DK-725""]","[""JQ-410"", ""FT-220"", ""DX-725""]"
L2_B_022,L2_B_022,B,quantity,"[20, 30, 10]","[32, 30, 10]"
L2_B_022,L2_B_022,B,unit,"[""pcs"", ""sets"", ""pcs""]","[""units"", ""sets"", ""pcs""]"
L2_B_022,L2_B_022,B,unit_price,"[9.64, 2.91, 48.51]","[9.64, 2.91, 48.81]"
L2_B_023,L2_B_023,B,po_date,"""2023-03-12""","""2025-03-12"""
L2_B_023,L2_B_023,B,part_number,"[""BK-705"", ""FN-725"", ""BK-410"", ""30-912"", ""30-940""]","[""BK-305"", ""FT-725"", ""BK-410"", ""JQ-512"", ""JQ-940""]"
L2_B_023,L2_B_023,B,quantity,"[15, 3, 1, 40, 21]","[15, 39, 10, 40, 21]"
L2_B_023,L2_B_023,B,unit_price,"[10.5, 73.54, 262.8, 60.2, 12.13]","[10.5, 73.54, 26.28, 60.8, 22.13]"
L2_B_023,L2_B_023,B,line_amount,"[157.5, 220.62, 262.8, 2408.0, 254.73]","[157.5, 2868.06, 262.8, 2432.0, 464.73]"
L2_B_024,L2_B_024,B,po_date,"""2016-01-18""","""2026-01-18"""
L2_B_024,L2_B_024,B,part_number,"[""AX-S12"", ""GK-940""]","[""AX-512"", ""GX-940""]"
L2_B_025,L2_B_025,B,po_date,null,"""2025-10-31"""
L2_B_025,L2_B_025,B,part_number,"[""Part-AB-100"", ""B-300"", ""Part-C-220"", ""Part-C-830""]","[""DX-100"", ""BK-830"", ""CN-220"", ""CN-830""]"
L2_B_025,L2_B_025,B,quantity,"[29, 71, 40, 10]","[29, 7, 40, 10]"
L2_B_025,L2_B_025,B,unit,"[""EA"", null, ""pcs"", ""boxes""]","[""EA"", ""units"", ""pcs"", ""boxes""]"
L2_B_026,L2_B_026,B,part_number,"[""C-512"", ""B-410"", ""A-XL"", ""C-305"", ""G-410""]","[""CN-512"", ""BK-410"", ""AX-410"", ""CN-305"", ""GX-410""]"
L2_B_026,L2_B_026,B,quantity,"[38, 38, 2, 21, 37]","[38, 38, 2, 32, 37]"
L2_B_026,L2_B_026,B,unit,"[""pcs"", ""pcs"", null, ""pcs"", ""boxes""]","[""pcs"", ""units"", ""pcs"", ""pcs"", ""boxes""]"
L2_B_026,L2_B_026,B,unit_price,"[18.35, 66.66, 32.32, 37.67, 80.71]","[18.35, 68.06, 6.32, 37.67, 80.71]"
L2_B_026,L2_B_026,B,line_amount,"[697.3, 2568.28, 64.64, 1205.44, 2986.27]","[697.3, 2586.28, 12.64, 1205.44, 2986.27]"
L2_B_027,L2_B_027,B,part_number,"[""EV-410"", ""W-410"", ""X-100"", ""AX-618""]","[""EV-410"", ""HM-410"", ""GX-100"", ""AX-618""]"
L2_B_027,L2_B_027,B,quantity,"[14, 25, 12, 6]","[14, 25, 17, 36]"
L2_B_027,L2_B_027,B,unit,"[""sets"", ""units"", ""pcs"", ""pcs""]","[""sets"", ""units"", ""EA"", ""pcs""]"
L2_B_027,L2_B_027,B,unit_price,"[30.58, 59.99, 16.76, 35.55]","[30.58, 59.99, 16.76, 35.95]"
L2_B_028,L2_B_028,B,part_number,"[""GK-305"", ""PF-725""]","[""GX-305"", ""FT-725""]"
L2_B_029,L2_B_029,B,po_date,"""2026-03-01""","""2026-01-03"""
L2_B_029,L2_B_029,B,currency,null,"""USD"""
L2_B_029,L2_B_029,B,total_amount,1694.4,5696.92
L2_B_029,L2_B_029,B,part_number,"[""BK-305"", ""FX-05"", ""CX-940"", ""CL-100"", ""SR-410""]","[""BK-305"", ""FT-305"", ""GX-940"", ""CN-100"", ""IR-410""]"
L2_B_029,L2_B_029,B,quantity,"[18, 40, 12, 21, 30]","[18, 40, 17, 21, 30]"
L2_B_029,L2_B_029,B,unit,"[""boxes"", ""pcs"", ""pcs"", ""sets"", null]","[""boxes"", ""pcs"", ""pcs"", ""sets"", ""pcs""]"
L2_B_029,L2_B_029,B,unit_price,"[85.54, 5.95, 96.9, 27.5, 6.8]","[85.54, 5.95, 96.9, 27.5, 56.48]"
L2_B_029,L2_B_029,B,line_amount,"[1539.72, 238.0, 1162.8, 577.5, 204.0]","[1539.72, 238.0, 1647.3, 577.5, 1694.4]"
L2_B_030,L2_B_030,B,part_number,"[""H8-10"", ""GX-830""]","[""HM-100"", ""GX-830""]"
L2_B_031,L2_B_031,B,po_date,"""2022-04-23""","""2026-04-23"""
L2_B_032,L2_B_032,B,po_number,"""po-2015-9674""","""PO-2025-9674"""
L2_B_032,L2_B_032,B,po_date,"""2023-01-02""","""2026-01-02"""
L2_B_032,L2_B_032,B,part_number,"[""PAR-ISV-940"", ""Gx-61""]","[""EV-940"", ""GX-618""]"
L2_B_032,L2_B_032,B,quantity,"[4, 16]","[17, 16]"
L2_B_032,L2_B_032,B,unit,"[""qty"", ""EA""]","[""pcs"", ""EA""]"
L2_B_033,L2_B_033,B,part_number,"[""R-18-30"", ""X-305"", ""F-100""]","[""IR-830"", ""DX-305"", ""FT-100""]"
L2_B_033,L2_B_033,B,quantity,"[40, 23, 1]","[40, 23, 13]"
L2_B_033,L2_B_033,B,unit_price,"[23.41, 91.95, 92.04]","[23.44, 91.95, 92.04]"
L2_B_034,L2_B_034,B,part_number,"[""GX-512"", ""AX-725"", ""T-410""]","[""GX-512"", ""AX-725"", ""FT-410""]"
L2_B_034,L2_B_034,B,quantity,"[30, 10, null]","[39, 10, 4]"
L2_B_034,L2_B_034,B,unit,"[""boxes"", ""units"", null]","[""boxes"", ""units"", ""units""]"
L2_B_035,L2_B_035,B,po_number,"""po-2024-5345""","""PO-2024-5345"""
L2_B_035,L2_B_035,B,po_date,"""2023-05-03""","""2025-03-05"""
L2_B_035,L2_B_035,B,part_number,"[""AX-725"", ""Part: C2-830"", ""Part: BK-830"", ""BK-100""]","[""AX-725"", ""GX-830"", ""BK-830"", ""BK-100""]"
L2_B_035,L2_B_035,B,unit,"[""sets"", ""sets"", ""Units"", ""boxes""]","[""sets"", ""sets"", ""units"", ""boxes""]"
L2_B_036,L2_B_036,B,po_number,"""PO-202-8066""","""PO-2024-8066"""
L2_B_036,L2_B_036,B,po_date,"""2024-01-03""","""2024-12-03"""
L2_B_036,L2_B_036,B,total_amount,1283.0,1283.6
L2_B_036,L2_B_036,B,part_number,"[""DX-725"", ""V-512""]","[""DX-725"", ""EV-512""]"
L2_B_037,L2_B_037,B,currency,null,"""USD"""
L2_B_037,L2_B_037,B,part_number,"[""BK-512"", ""VE-220"", ""G-6K"", ""HM-830""]","[""BK-512"", ""EV-220"", ""GX-618"", ""HM-830""]"
L2_B_037,L2_B_037,B,quantity,"[3, 32, 26, 30]","[7, 32, 26, 30]"
L2_B_038,L2_B_038,B,part_number,"[""IR-305"", ""CN-310"", ""BK-721"", ""EV-618"", ""S-940""]","[""IR-305"", ""CN-410"", ""BK-725"", ""EV-618"", ""GX-940""]"
L2_B_038,L2_B_038,B,quantity,"[3, 20, 1, 10, 2]","[4, 30, 10, 11, 7]"
L2_B_038,L2_B_038,B,unit,"[""EA"", ""EA"", ""EA"", ""EA"", ""boxes""]","[""pcs"", ""EA"", ""EA"", ""pcs"", ""boxes""]"
L2_B_038,L2_B_038,B,unit_price,"[51.21, 18.94, 6.18, 83.34, 60.03]","[51.21, 18.94, 6.18, 83.74, 40.03]"
L2_B_038,L2_B_038,B,line_amount,"[204.84, 568.2, 6.18, 833.4, 120.06]","[204.84, 568.2, 61.8, 921.14, 280.21]"
L2_B_039,L2_B_039,B,currency,null,"""EUR"""
L2_B_039,L2_B_039,B,total_amount,2783.0,2784.73
L2_B_039,L2_B_039,B,part_number,"[""C-725"", ""PF-410""]","[""CN-725"", ""FT-410""]"
L2_B_039,L2_B_039,B,unit_price,"[29.99, 89.18]","[28.99, 89.18]"
L2_B_040,L2_B_040,B,part_number,"[""PART-PR-100"", ""R-725"", ""AX-305"", ""D-100"", ""D-512""]","[""FT-100"", ""IR-725"", ""AX-305"", ""DX-100"", ""DX-512""]"
L2_B_040,L2_B_040,B,quantity,"[33, 12, 54, 34, 5]","[33, 12, 35, 14, 5]"
L2_B_040,L2_B_040,B,unit,"[""units"", ""EA"", null, null, ""pcs""]","[""units"", ""EA"", ""EA"", ""sets"", ""boxes""]"
L2_B_040,L2_B_040,B,unit_price,"[76.43, 8.43, 18.17, 117.28, 91.37]","[76.43, 8.43, 88.17, 84.02, 91.97]"
L2_B_040,L2_B_040,B,line_amount,"[2522.19, 101.16, 3085.95, 1197.28, 495.85]","[2522.19, 101.16, 3085.95, 1176.28, 459.85]"
L2_B_041,L2_B_041,B,po_date,"""2023-08-06""","""2025-08-06"""
L2_B_041,L2_B_041,B,part_number,"[""L1_DK-410"", ""Part GK-940"", ""C.H-034""]","[""DX-410"", ""GX-940"", ""CN-305""]"
L2_B_041,L2_B_041,B,unit,"[""EA"", ""pcs"", null]","[""EA"", ""pcs"", ""units""]"
L2_B_042,L2_B_042,B,po_date,"""2024-03-24""","""2026-03-24"""
L2_B_042,L2_B_042,B,part_number,"[""Part-10_Size-7"", ""Part-12"", ""Part-AV-10"", ""Part-AX-725""]","[""JQ-512"", ""FT-512"", ""EV-410"", ""AX-725""]"
L2_B_042,L2_B_042,B,quantity,"[2, 8, 13, 5]","[37, 8, 19, 35]"
L2_B_042,L2_B_042,B,unit,"[""pcs"", ""boxes"", ""EA"", ""boxes""]","[""boxes"", ""boxes"", ""EA"", ""boxes""]"
L2_B_042,L2_B_042,B,unit_price,"[65.44, 49.21, 57.59, 77.0]","[65.44, 49.21, 27.59, 77.02]"
L2_B_043,L2_B_043,B,part_number,"[""BK-830"", ""BK-305"", ""DK-512""]","[""BK-830"", ""IR-305"", ""DX-512""]"
L2_B_044,L2_B_044,B,po_number,"""PO-206-7253""","""PO-2026-7253"""
L2_B_044,L2_B_044,B,part_number,"[""FR-725"", ""CR-200"", ""CM-610""]","[""FT-725"", ""CN-220"", ""CN-618""]"
L2_B_045,L2_B_045,B,po_date,"""2023-01-01""","""2024-01-10"""
L2_B_045,L2_B_045,B,part_number,"[""Part R-410"", ""Part Dk-410"", ""Part GX-910"", ""Part AX-512""]","[""IR-410"", ""DX-410"", ""GX-940"", ""AX-512""]"
L2_B_046,L2_B_046,B,total_amount,2566.0,2586.4
L2_B_047,L2_B_047,B,po_date,"""2022-12-01""","""2026-12-01"""
L2_B_047,L2_B_047,B,part_number,"[""Part-30-2020"", ""RM-410"", ""BK-410"", ""AX-400"", ""HM-610""]","[""JQ-220"", ""HM-410"", ""IR-410"", ""AX-940"", ""HM-618""]"
L2_B_048,L2_B_048,B,part_number,"[""AX-10"", ""HM-12"", ""CN-220"", ""EV-225"", ""CN-220""]","[""AX-100"", ""HM-512"", ""CN-220"", ""EV-725"", ""CN-220""]"
L2_B_048,L2_B_048,B,quantity,"[9, 12, 21, 27, 28]","[9, 12, 25, 27, 28]"
L2_B_048,L2_B_048,B,unit_price,"[11.31, 34.21, 81.37, 96.31, 65.59]","[11.31, 34.21, 81.87, 96.31, 65.59]"
L2_B_048,L2_B_048,B,line_amount,"[101.79, 410.52, 2466.75, 2600.37, 1836.52]","[101.79, 410.52, 2046.75, 2600.37, 1836.52]"
L2_B_049,L2_B_049,B,po_date,"""2024-04-22""","""2026-04-22"""
L2_B_049,L2_B_049,B,currency,null,"""EUR"""
L2_B_049,L2_B_049,B,part_number,"[""IR-10"", ""20-220"", ""G3-X"", ""CN-940""]","[""IR-410"", ""JQ-220"", ""GX-305"", ""CN-940""]"
L2_B_049,L2_B_049,B,quantity,"[2, 35, 17, 5]","[22, 35, 17, 5]"
L2_B_049,L2_B_049,B,unit,"[""boxes"", ""sets"", ""units"", null]","[""boxes"", ""sets"", ""units"", ""sets""]"
L2_B_049,L2_B_049,B,unit_price,"[31.1, 53.26, 49.23, 15.7]","[3.21, 53.26, 49.23, 3.14]"
L2_B_049,L2_B_049,B,line_amount,"[70.62, 1864.1, 836.91, 78.5]","[70.62, 1864.1, 836.91, 15.7]"
L2_B_050,L2_B_050,B,currency,null,"""USD"""
L2_B_050,L2_B_050,B,total_amount,585.12,5885.12
L2_B_050,L2_B_050,B,part_number,"[""AX-220"", ""HR-100"", ""Y-940"", ""HM-618""]","[""AX-220"", ""IR-100"", ""EV-940"", ""HM-618""]"
L2_B_050,L2_B_050,B,quantity,"[9, 20, 40, 15]","[9, 28, 40, 15]"
L2_B_050,L2_B_050,B,line_amount,"[882.99, 184.8, 3855.6, 992.25]","[882.99, 154.28, 3855.6, 992.25]"
L2_C_001,L2_C_001,C,part_number,"[""GX-220"", ""GX-410"", ""GX-725""]","[""GX-220"", ""GX-410"", ""BK-725""]"
L2_C_001,L2_C_001,C,quantity,"[33, 14, 72]","[33, 14, 14]"
L2_C_001,L2_C_001,C,unit_price,"[15.76, 20.38, 14.5]","[15.76, 20.38, 72.25]"
L2_C_001,L2_C_001,C,line_amount,"[520.0, 285.32, 1044.5]","[520.08, 285.32, 1011.5]"
L2_C_002,L2_C_002,C,part_number,"[""JO-616"", ""JO-410""]","[""JQ-618"", ""JQ-410"", ""EV-830""]"
L2_C_002,L2_C_002,C,quantity,"[8, 27]","[8, 26, 27]"
L2_C_002,L2_C_002,C,unit,"[""EA"", ""EA""]","[""units"", ""boxes"", ""EA""]"
L2_C_002,L2_C_002,C,unit_price,"[39.97, 96.43]","[39.97, 43.03, 96.43]"
L2_C_002,L2_C_002,C,line_amount,"[319.76, 2603.61]","[319.76, 1118.78, 2603.61]"
L2_C_003,L2_C_003,C,total_amount,6005.84,4005.84
L2_C_003,L2_C_003,C,part_number,"[""JY-725"", ""GX-100"", ""CN-100"", ""CN-512""]","[""JQ-725"", ""GX-100"", ""CN-100"", ""CN-512""]"
L2_C_003,L2_C_003,C,quantity,"[37, 20, 1, 14]","[37, 20, 8, 14]"
L2_C_003,L2_C_003,C,unit,"[""units"", ""EA"", ""box"", ""boxes""]","[""units"", ""units"", ""pcs"", ""boxes""]"
L2_C_003,L2_C_003,C,unit_price,"[49.08, 87.0, 0.48, 28.16]","[49.08, 87.99, 4.48, 28.16]"
L2_C_003,L2_C_003,C,line_amount,"[1815.96, 1740.0, 35.84, 394.24]","[1815.96, 1759.8, 35.84, 394.24]"
L2_C_004,L2_C_004,C,po_date,"""2025-01-05""","""2025-05-01"""
L2_C_004,L2_C_004,C,part_number,"[""PT-940"", ""DX-830"", ""ITEM-1410"", ""BK-205"", ""AX-725""]","[""FT-940"", ""DX-830"", ""IR-410"", ""BK-305"", ""AX-725""]"
L2_C_004,L2_C_004,C,quantity,"[26, 2, 25, 20, 3]","[26, 2, 25, 20, 34]"
L2_C_004,L2_C_004,C,unit,"[""pcs"", null, ""EA"", ""EA"", ""boxes""]","[""pcs"", ""EA"", ""EA"", ""EA"", ""boxes""]"
L2_C_004,L2_C_004,C,unit_price,"[42.82, 74.88, 76.0, 919.6, 13.7]","[42.82, 74.88, 76.0, 45.98, 13.7]"
L2_C_004,L2_C_004,C,line_amount,"[1113.32, 149.76, 1900.0, 18392.0, 41.1]","[1113.32, 149.76, 1900.0, 919.6, 465.8]"
L2_C_005,L2_C_005,C,po_date,"""2026-01-10""","""2026-10-01"""
L2_C_005,L2_C_005,C,part_number,"[""CN-940"", ""JR-940""]","[""CN-940"", ""IR-940""]"
L2_C_006,L2_C_006,C,part_number,"[""J40-410"", ""J40-8209"", ""J40-830""]","[""JQ-410"", ""BK-725"", ""AX-940"", ""HM-830""]"
L2_C_006,L2_C_006,C,quantity,"[30, 36, 34]","[30, 22, 36, 34]"
L2_C_006,L2_C_006,C,unit,"[""pcs"", ""boxes"", null]","[""pcs"", ""boxes"", ""boxes"", ""pcs""]"
L2_C_006,L2_C_006,C,unit_price,"[5.55, 73.95, 80.68]","[25.55, 39.37, 72.95, 80.68]"
L2_C_006,L2_C_006,C,line_amount,"[166.5, 2632.2, 2731.12]","[766.5, 866.14, 2626.2, 2743.12]"
L2_C_007,L2_C_007,C,part_number,"[""FP-100"", ""EY-940"", ""EY-725""]","[""FT-100"", ""EV-940"", ""EV-725""]"
L2_C_008,L2_C_008,C,part_number,"[""AM-830"", ""GX-940"", ""RT-180"", ""AM-100"", ""IR-220""]","[""AX-830"", ""GX-940"", ""FT-100"", ""AX-100"", ""IR-220""]"
L2_C_008,L2_C_008,C,quantity,"[26, 3, 11, 37, 40]","[26, 36, 11, 37, 40]"
L2_C_008,L2_C_008,C,unit,"[""EA"", ""boxes"", null, null, ""boxes""]","[""EA"", ""boxes"", ""units"", ""units"", ""boxes""]"
L2_C_008,L2_C_008,C,unit_price,"[0.72, 23.55, 31.21, 15.85, 40.62]","[40.72, 23.55, 31.21, 15.85, 40.62]"
L2_C_008,L2_C_008,C,line_amount,"[18.72, 70.65, 343.31, 586.45, 1624.8]","[1058.72, 847.8, 343.31, 586.45, 1624.8]"
L2_C_009,L2_C_009,C,part_number,"[""DX-300"", ""DX-220"", ""Item-1"", ""DX-305""]","[""DX-830"", ""DX-220"", ""FT-830"", ""EV-305""]"
L2_C_009,L2_C_009,C,quantity,"[3, 4, 6, 23]","[6, 24, 6, 23]"
L2_C_009,L2_C_009,C,line_amount,"[79.71, 58.28, 541.26, 1435.2]","[159.42, 349.68, 541.26, 1435.2]"
L2_C_010,L2_C_010,C,po_date,"""2022-09-09""","""2026-09-09"""
L2_C_010,L2_C_010,C,part_number,"[""CM-220"", ""DK-512"", ""LT-100"", ""JX-410""]","[""CN-220"", ""DX-512"", ""IR-100"", ""JQ-410""]"
L2_C_010,L2_C_010,C,unit,"[""boxes"", ""pcs"", ""units"", null]","[""boxes"", ""pcs"", ""units"", ""pcs""]"
L2_C_010,L2_C_010,C,unit_price,"[56.06, 89.3, 89.0, 41.7]","[56.06, 89.35, 89.43, 41.7]"
L2_C_010,L2_C_010,C,line_amount,"[1849.98, 893.5, 536.5, 1626.3]","[1849.98, 893.5, 536.58, 1626.3]"
L2_C_012,L2_C_012,C,po_date,"""2022-11-26""","""2026-11-26"""
L2_C_012,L2_C_012,C,part_number,"[""P1-220"", ""EV-940"", ""GX-410"", ""M1-60""]","[""FT-220"", ""EV-940"", ""GX-618"", ""GX-410"", ""FT-830""]"
L2_C_012,L2_C_012,C,quantity,"[4, 19, 6, 27]","[4, 19, 13, 6, 27]"
L2_C_012,L2_C_012,C,unit,"[""units"", null, ""units"", ""sets""]","[""units"", ""units"", ""units"", ""units"", ""sets""]"
L2_C_012,L2_C_012,C,unit_price,"[5.91, 25.38, 12.63, 36.58]","[5.91, 83.82, 38.91, 52.63, 36.58]"
L2_C_012,L2_C_012,C,line_amount,"[23.64, 505.38, 75.78, 987.66]","[23.64, 1592.58, 505.83, 315.78, 987.66]"
L2_C_013,L2_C_013,C,part_number,"[""100-J305"", ""B A C-305"", ""100-J305"", ""CN-940"", ""AX-512""]","[""JQ-305"", ""CN-305"", ""JQ-305"", ""CN-940"", ""AX-512""]"
L2_C_013,L2_C_013,C,quantity,"[32, 2, 34, 12, 40]","[32, 3, 34, 12, 40]"
L2_C_013,L2_C_013,C,unit,"[null, null, null, null, null]","[""sets"", ""EA"", ""pcs"", ""sets"", ""pcs""]"
L2_C_013,L2_C_013,C,line_amount,"[1560.08, 77.64, 198.56, 327.72, 3879.6]","[1566.08, 77.64, 198.56, 327.72, 3879.6]"
L2_C_014,L2_C_014,C,po_number,"""PO-2022-2127""","""PO-2026-2127"""
L2_C_014,L2_C_014,C,part_number,"[""RN-725"", ""HM-100""]","[""IR-725"", ""HM-100""]"
L2_C_014,L2_C_014,C,unit,"[""EA"", null]","[""EA"", ""units""]"
L2_C_015,L2_C_015,C,part_number,"[""J0-220"", ""DX-220"", ""A-900""]","[""JQ-220"", ""DX-220"", ""GX-512"", ""AX-940""]"
L2_C_015,L2_C_015,C,quantity,"[39, 10, 2]","[39, 10, 40, 2]"
L2_C_015,L2_C_015,C,unit,"[""sets"", ""boxes"", ""pcs""]","[""sets"", ""boxes"", ""EA"", ""pcs""]"
L2_C_015,L2_C_015,C,unit_price,"[80.85, 26.94, 71.5]","[80.85, 26.94, 87.92, 71.5]"
L2_C_015,L2_C_015,C,line_amount,"[3153.15, 269.4, 143.0]","[3153.15, 269.4, 3516.8, 143.0]"
L2_C_016,L2_C_016,C,total_amount,531.61,5313.61
L2_C_016,L2_C_016,C,part_number,"[""GX-940"", ""IR-940"", ""3) G-610"", ""4) Part No. 8-11""]","[""GX-940"", ""IR-940"", ""JQ-618"", ""BK-410""]"
L2_C_016,L2_C_016,C,quantity,"[7, 32, 98, 10]","[27, 32, 18, 10]"
L2_C_016,L2_C_016,C,unit,"[""units"", ""sets"", ""sets"", null]","[""units"", ""sets"", ""sets"", ""sets""]"
L2_C_016,L2_C_016,C,unit_price,"[75.99, 19.51, 87.67, null]","[75.99, 19.51, 98.87, 85.79]"
L2_C_016,L2_C_016,C,line_amount,"[531.93, 624.32, 857.9, null]","[2051.73, 624.32, 1779.66, 857.9]"
L2_C_017,L2_C_017,C,part_number,"[""GK-725"", ""JK-940"", ""JK-940""]","[""GX-725"", ""JQ-100"", ""DX-940"", ""JQ-940""]"
L2_C_017,L2_C_017,C,quantity,"[7, 33, 14]","[7, 35, 33, 14]"
L2_C_017,L2_C_017,C,unit,"[""units"", ""boxes"", null]","[""units"", ""EA"", ""boxes"", ""units""]"
L2_C_017,L2_C_017,C,unit_price,"[61.68, 45.02, 5.29]","[61.68, 30.07, 45.02, 5.29]"
L2_C_017,L2_C_017,C,line_amount,"[431.76, 1485.66, 74.06]","[431.76, 1052.45, 1485.66, 74.06]"
L2_C_018,L2_C_018,C,total_amount,1564.0,1564.98
L2_C_018,L2_C_018,C,part_number,"[""RN-618"", ""DX-830""]","[""IR-618"", ""DX-830""]"
L2_C_018,L2_C_018,C,unit,"[""boxes"", null]","[""boxes"", ""sets""]"
L2_C_019,L2_C_019,C,po_date,"""2026-01-17""","""2026-11-17"""
L2_C_019,L2_C_019,C,part_number,"[""MX-618"", ""MX-830"", ""R-940"", ""MX-725""]","[""DX-618"", ""AX-830"", ""DX-410"", ""IR-940"", ""BK-725""]"
L2_C_019,L2_C_019,C,quantity,"[26, 31, 28, 18]","[26, 31, 18, 28, 18]"
L2_C_019,L2_C_019,C,unit,"[""sets"", ""pcs"", ""pcs"", ""boxes""]","[""sets"", ""pcs"", ""boxes"", ""pcs"", ""boxes""]"
L2_C_019,L2_C_019,C,unit_price,"[57.19, 89.86, 95.63, 26.33]","[57.19, 89.86, 8.62, 95.63, 26.33]"
L2_C_019,L2_C_019,C,line_amount,"[1486.94, 2785.66, 2677.64, 473.94]","[1486.94, 2785.66, 155.16, 2677.64, 473.94]"
L2_C_020,L2_C_020,C,po_number,"""PO-2024-4965""","""PO-2026-4965"""
L2_C_020,L2_C_020,C,part_number,"[""IR-100"", ""M-517""]","[""BK-220"", ""IR-100"", ""HM-512""]"
L2_C_020,L2_C_020,C,quantity,"[33, 25]","[24, 33, 25]"
L2_C_020,L2_C_020,C,unit,"[""sets"", ""EA""]","[""pcs"", ""sets"", ""sets""]"
L2_C_020,L2_C_020,C,unit_price,"[62.16, 62.83]","[17.29, 62.16, 62.83]"
L2_C_020,L2_C_020,C,line_amount,"[2051.28, 1570.75]","[414.96, 2051.28, 1570.75]"
L2_C_021,L2_C_021,C,part_number,"[""M-618"", ""M-620"", ""XJ-305"", ""M-618"", ""M-618""]","[""HM-618"", ""GX-220"", ""EV-305"", ""HM-618"", ""DX-725""]"
L2_C_021,L2_C_021,C,unit_price,"[70.43, 62.06, 62.05, 25.24, 50.88]","[70.43, 68.06, 62.05, 25.24, 50.88]"
L2_C_021,L2_C_021,C,line_amount,"[633.87, 126.12, 1551.25, 454.32, 661.44]","[633.87, 136.12, 1551.25, 454.32, 661.44]"
L2_C_022,L2_C_022,C,currency,"""RUR""","""EUR"""
L2_C_022,L2_C_022,C,part_number,"[""RM-940"", ""RM-100"", ""BX-380"", ""RM-940""]","[""IR-940"", ""IR-100"", ""AX-410"", ""BK-830"", ""IR-940""]"
L2_C_022,L2_C_022,C,quantity,"[3, 8, 32, 8]","[33, 33, 8, 32, 18]"
L2_C_022,L2_C_022,C,unit,"[""sets"", ""boxes"", ""boxes"", ""boxes""]","[""boxes"", ""sets"", ""boxes"", ""boxes"", ""boxes""]"
L2_C_022,L2_C_022,C,unit_price,"[31.4, 69.67, 84.42, 37.37]","[15.18, 31.4, 69.67, 84.22, 37.37]"
L2_C_022,L2_C_022,C,line_amount,"[1063.2, 557.36, 2696.04, 672.66]","[500.94, 1036.2, 557.36, 2695.04, 672.66]"
L2_C_023,L2_C_023,C,part_number,"[""PT-725"", ""BX-220"", ""PT-512"", ""EV-830"", ""HM-725""]","[""FT-725"", ""BK-220"", ""FT-512"", ""EV-830"", ""HM-725""]"
L2_C_023,L2_C_023,C,quantity,"[11, 38, 23, 4, 39]","[11, 38, 23, 40, 39]"
L2_C_023,L2_C_023,C,unit,"[""units"", null, ""boxes"", ""boxes"", ""EA""]","[""units"", ""EA"", ""boxes"", ""boxes"", ""EA""]"
L2_C_023,L2_C_023,C,line_amount,"[957.99, 1583.16, 560.51, 2607.2, 2068.95]","[957.99, 1583.46, 560.51, 2607.2, 2068.95]"
L2_C_024,L2_C_024,C,part_number,"[""GM-512"", ""AX-1035"", ""AX-1035""]","[""GX-512"", ""HM-305"", ""AX-100"", ""HM-940""]"
L2_C_024,L2_C_024,C,quantity,"[11, 35, 22]","[11, 17, 35, 22]"
L2_C_024,L2_C_024,C,unit,"[""EA"", ""boxes"", ""boxes""]","[""EA"", ""EA"", ""boxes"", ""boxes""]"
L2_C_024,L2_C_024,C,unit_price,"[10.26, 74.28, 6.7]","[10.26, 74.28, 84.17, 86.7]"
L2_C_024,L2_C_024,C,line_amount,"[112.86, 2622.76, 147.4]","[112.86, 1262.76, 2945.95, 1907.4]"
L2_C_025,L2_C_025,C,part_number,"[""EW-100"", ""CN-610"", ""NW-830"", ""EW-6110""]","[""EV-100"", ""CN-618"", ""HM-830"", ""EV-410""]"
L2_C_025,L2_C_025,C,unit_price,"[27.46, 81.9, 77.06, 54.4]","[27.46, 81.91, 54.44, 77.06]"
L2_C_025,L2_C_025,C,line_amount,"[768.88, 2866.85, 154.12, 108.8]","[768.88, 2866.85, 1742.08, 154.12]"
L2_C_026,L2_C_026,C,part_number,"[""Item-10-S12"", ""GK-410"", ""BK-630"", ""JU-830"", ""AX-940""]","[""JQ-512"", ""GX-410"", ""BK-830"", ""JQ-830"", ""AX-940""]"
L2_C_026,L2_C_026,C,quantity,"[17, 36, 3, 30, 22]","[17, 36, 13, 30, 22]"
L2_C_026,L2_C_026,C,unit_price,"[52.63, 81.36, 15.39, 28.67, 3.9]","[52.63, 81.26, 15.39, 28.67, 3.9]"
L2_C_026,L2_C_026,C,line_amount,"[894.71, 2925.36, 46.17, 860.1, 85.8]","[894.71, 2925.36, 200.07, 860.1, 85.8]"
L2_C_027,L2_C_027,C,part_number,"[""GM-220"", ""EV-725""]","[""GX-220"", ""EV-725""]"
L2_C_027,L2_C_027,C,quantity,"[11, 3]","[11, 32]"
L2_C_027,L2_C_027,C,line_amount,"[82.39, 63.6]","[82.39, 633.6]"
L2_C_028,L2_C_028,C,po_date,"""2022-12-03""","""2026-12-03"""
L2_C_028,L2_C_028,C,part_number,"[""CM-100"", ""EM-512"", ""DZ-220"", ""CA-512"", ""DX-100""]","[""CN-100"", ""HM-512"", ""DX-220"", ""CN-512"", ""DX-100""]"
L2_C_028,L2_C_028,C,quantity,"[21, 35, 25, 29, 5]","[21, 35, 25, 29, 9]"
L2_C_028,L2_C_028,C,unit,"[""EA"", null, ""EA"", null, null]","[""units"", ""EA"", ""EA"", ""units"", ""pcs""]"
L2_C_028,L2_C_028,C,unit_price,"[93.75, 13.97, 88.98, 33.8, 4.7]","[93.75, 13.97, 88.98, 33.8, 40.79]"
L2_C_028,L2_C_028,C,line_amount,"[1966.75, 488.95, 2224.5, 980.2, 367.11]","[1968.75, 488.95, 2224.5, 980.2, 367.11]"
L2_C_029,L2_C_029,C,total_amount,871.41,5871.41
L2_C_029,L2_C_029,C,part_number,"[""FM-830"", ""JY-305"", ""IM-189"", ""DX-205""]","[""FT-830"", ""FT-305"", ""HM-940"", ""DX-305""]"
L2_C_029,L2_C_029,C,quantity,"[37, 3, 4, 6]","[37, 3, 4, 36]"
L2_C_030,L2_C_030,C,po_date,"""2022-01-21""","""2026-01-21"""
L2_C_030,L2_C_030,C,currency,"""GBP""","""EUR"""
L2_C_030,L2_C_030,C,total_amount,3000.0,3000.85
L2_C_030,L2_C_030,C,part_number,"[""PF-410"", ""IR-725 / ERA"", ""Part No 1""]","[""FT-410"", ""IR-725"", ""IR-305""]"
L2_C_030,L2_C_030,C,quantity,"[3, 1, 35]","[3, 6, 35]"
L2_C_030,L2_C_030,C,unit,"[""boxes"", null, ""units""]","[""boxes"", ""EA"", ""units""]"
L2_C_031,L2_C_031,C,po_date,"""2022-09-21""","""2026-09-21"""
L2_C_031,L2_C_031,C,part_number,"[""JO-512"", ""BK-100"", ""BK-830"", ""GX-618"", ""MR-512""]","[""JQ-512"", ""BK-100"", ""BK-830"", ""GX-618"", ""BK-512""]"
L2_C_031,L2_C_031,C,quantity,"[33, 252, 33, 25, 19]","[33, 25, 33, 25, 19]"
L2_C_031,L2_C_031,C,unit,"[""pcs"", null, ""pcs"", null, ""pcs""]","[""pcs"", ""EA"", ""pcs"", ""pcs"", ""pcs""]"
L2_C_031,L2_C_031,C,unit_price,"[53.53, 23.63, 93.98, 53.84, 53.84]","[53.53, 23.63, 92.98, 56.69, 53.84]"
L2_C_031,L2_C_031,C,line_amount,"[1766.49, 590.75, 3068.34, 1346.0, 1022.96]","[1766.49, 590.75, 3068.34, 1417.25, 1022.96]"
L2_C_032,L2_C_032,C,po_date,"""2024-05-04""","""2024-08-04"""
L2_C_032,L2_C_032,C,part_number,"[""CH-305 / 2.5units"", ""Item CN-940"", ""Item P-940"", ""DX-725 / 17 units""]","[""CN-305"", ""CN-940"", ""FT-940"", ""GX-618"", ""DX-725""]"
L2_C_032,L2_C_032,C,quantity,"[27, 34, 30, 17]","[29, 27, 30, 25, 17]"
L2_C_032,L2_C_032,C,unit,"[""units"", ""boxes"", ""units"", ""units""]","[""units"", ""units"", ""boxes"", ""units"", ""units""]"
L2_C_032,L2_C_032,C,unit_price,"[88.52, 51.46, 42.41, 51.19]","[88.52, 51.46, 93.48, 42.41, 57.19]"
L2_C_032,L2_C_032,C,line_amount,"[2567.08, 1389.42, 1066.25, 922.23]","[2567.08, 1389.42, 2804.4, 1060.25, 972.23]"
L2_C_033,L2_C_033,C,part_number,"[""CH-305"", ""DX-410""]","[""CN-305"", ""DX-410""]"
L2_C_034,L2_C_034,C,part_number,"[""F-618"", ""MK-410""]","[""FT-618"", ""BK-410""]"
L2_C_034,L2_C_034,C,unit,"[""sets"", null]","[""sets"", ""units""]"
L2_C_035,L2_C_035,C,part_number,"[""GM-305"", ""J-10""]","[""GX-305"", ""JQ-100""]"
L2_C_035,L2_C_035,C,unit,"[""EA"", null]","[""EA"", ""units""]"
L2_C_036,L2_C_036,C,part_number,"[""GX-618"", ""GX-725""]","[""GX-618"", ""GX-725"", ""FT-100""]"
L2_C_036,L2_C_036,C,quantity,"[7, 24]","[17, 7, 24]"
L2_C_036,L2_C_036,C,unit,"[""boxes"", ""boxes""]","[""units"", ""boxes"", ""boxes""]"
L2_C_036,L2_C_036,C,unit_price,"[9.02, 20.67]","[9.02, 13.03, 20.67]"
L2_C_036,L2_C_036,C,line_amount,"[63.14, 496.08]","[153.34, 91.21, 496.08]"
L2_C_037,L2_C_037,C,part_number,"[""DX-940"", ""DX-940"", ""EJ-940""]","[""BK-512"", ""DX-940"", ""EV-940""]"
L2_C_037,L2_C_037,C,unit_price,"[3.35, 4.23, 5.55]","[3.35, 4.23, 55.55]"
L2_C_037,L2_C_037,C,line_amount,"[67.0, 135.36, 83.25]","[67.0, 135.36, 833.25]"
L2_C_038,L2_C_038,C,part_number,"[""P1-Z20"", ""GX-410"", ""GX-610"", ""AX-100""]","[""FT-220"", ""GX-410"", ""BK-618"", ""CN-410"", ""AX-100""]"
L2_C_038,L2_C_038,C,quantity,"[19, 20, 34, 31]","[19, 20, 34, 40, 31]"
L2_C_038,L2_C_038,C,unit,"[""pcs"", ""sets"", ""units"", ""pcs""]","[""pcs"", ""sets"", ""sets"", ""units"", ""EA""]"
L2_C_038,L2_C_038,C,unit_price,"[66.97, 87.01, 97.71, 56.95]","[66.97, 87.01, 97.71, 54.09, 56.95]"
L2_C_038,L2_C_038,C,line_amount,"[1272.43, 1740.2, 3322.14, 1765.65]","[1272.43, 1740.2, 3322.14, 2163.6, 1765.45]"
L2_C_039,L2_C_039,C,part_number,"[""GX-305"", ""XO-410"", ""GX-512""]","[""GX-305"", ""JQ-410"", ""GX-512""]"
L2_C_039,L2_C_039,C,unit,"[""pcs"", ""sets"", ""pcs""]","[""pcs"", ""sets"", ""units""]"
L2_C_040,L2_C_040,C,po_date,"""2022-12-08""","""2026-12-08"""
L2_C_040,L2_C_040,C,part_number,"[""IR-220"", ""CN-100"", ""L-830""]","[""IR-220"", ""CN-100"", ""EV-830""]"
L2_C_040,L2_C_040,C,quantity,"[22, 22, 20]","[22, 22, 28]"
L2_C_040,L2_C_040,C,unit,"[""Lb"", ""boxes"", ""boxes""]","[""EA"", ""boxes"", ""boxes""]"
L2_C_040,L2_C_040,C,line_amount,"[190.3, 1853.94, 1924.0]","[190.3, 1853.94, 2693.6]"
L2_C_041,L2_C_041,C,part_number,"[""EM-830"", ""EM-830""]","[""JQ-830"", ""HM-830""]"
L2_C_041,L2_C_041,C,unit,"[""boxes"", null]","[""boxes"", ""EA""]"
L2_C_041,L2_C_041,C,unit_price,"[158.14, 85.51]","[15.14, 85.51]"
L2_C_042,L2_C_042,C,part_number,"[""MOT-725"", ""MOT-618"", ""MOT-100"", ""AX-410""]","[""DX-725"", ""GX-618"", ""IR-100"", ""AX-410"", ""AX-940""]"
L2_C_042,L2_C_042,C,quantity,"[2, 6, 38, 36]","[22, 4, 38, 8, 36]"
L2_C_042,L2_C_042,C,unit,"[""sets"", ""sets"", ""sets"", ""sets""]","[""sets"", ""sets"", ""units"", ""units"", ""sets""]"
L2_C_042,L2_C_042,C,unit_price,"[68.94, 61.58, 60.19, 40.77]","[86.94, 61.58, 60.19, 46.26, 40.77]"
L2_C_042,L2_C_042,C,line_amount,"[137.88, 369.48, 2287.22, 1467.72]","[1912.68, 246.32, 2287.22, 370.08, 1467.72]"
L2_C_043,L2_C_043,C,unit,"[null, null]","[""sets"", ""sets""]"
L2_C_044,L2_C_044,C,total_amount,3499.95,3949.95
L2_C_045,L2_C_045,C,part_number,"[""SW-100"", ""J-100"", ""J-30""]","[""EV-100"", ""IR-100"", ""JQ-830""]"
L2_C_046,L2_C_046,C,part_number,"[""J0-512"", ""J0-940""]","[""JQ-512"", ""GX-305"", ""JQ-940""]"
L2_C_046,L2_C_046,C,quantity,"[4, 20]","[4, 7, 20]"
L2_C_046,L2_C_046,C,unit,"[""boxes"", ""EA""]","[""boxes"", ""EA"", ""EA""]"
L2_C_046,L2_C_046,C,unit_price,"[67.37, 61.89]","[67.37, 6.81, 61.89]"
L2_C_046,L2_C_046,C,line_amount,"[269.48, 1237.8]","[269.48, 47.67, 1237.8]"
L2_C_047,L2_C_047,C,po_date,"""2023-08-22""","""2025-08-22"""
L2_C_047,L2_C_047,C,total_amount,5642.0,5642.2
L2_C_047,L2_C_047,C,part_number,"[""IR-410"", ""R-220"", ""EV-273"", ""Q6-618""]","[""IR-410"", ""IR-220"", ""EV-725"", ""JQ-618""]"
L2_C_047,L2_C_047,C,unit,"[""pcs"", ""sets"", ""units"", ""EA""]","[""EA"", ""sets"", ""units"", ""EA""]"
L2_C_047,L2_C_047,C,unit_price,"[5.65, 12.71, 9.52, 27.45]","[53.65, 12.71, 93.52, 27.45]"
L2_C_047,L2_C_047,C,line_amount,"[1293.95, 63.55, 380.8, 603.9]","[1233.95, 63.55, 3740.8, 603.9]"
L2_C_048,L2_C_048,C,part_number,"[""DX-100"", ""BX-512""]","[""DX-100"", ""BK-512""]"
L2_C_048,L2_C_048,C,line_amount,"[834.31, 538.6]","[834.21, 538.6]"
L2_C_049,L2_C_049,C,part_number,"[""CM-830"", ""R-618"", ""AX-940"", ""F-618""]","[""CN-830"", ""IR-618"", ""AX-940"", ""FT-940"", ""FT-618""]"
L2_C_049,L2_C_049,C,quantity,"[32, 31, 28, 3]","[32, 31, 28, 38, 3]"
L2_C_049,L2_C_049,C,unit,"[""sets"", ""sets"", ""boxes"", null]","[""EA"", ""sets"", ""boxes"", ""units"", ""pcs""]"
L2_C_049,L2_C_049,C,unit_price,"[0.13, 89.42, 92.92, 22.41]","[80.13, 89.42, 92.92, 73.05, 22.41]"
L2_C_049,L2_C_049,C,line_amount,"[2564.16, 2772.02, 2601.76, 67.23]","[2564.16, 2772.02, 2601.76, 2775.9, 67.23]"
L2_C_050,L2_C_050,C,total_amount,3466.32,3446.32
L2_C_050,L2_C_050,C,part_number,"[""EW-410"", ""FM-100"", ""AX-830"", ""HM-940""]","[""EV-410"", ""FT-100"", ""AX-830"", ""HM-940""]"
L2_C_050,L2_C_050,C,quantity,"[30, 1, 7, 1]","[30, 21, 7, 11]"
L2_C_050,L2_C_050,C,unit,"[""EA"", ""EA"", ""EA"", ""box""]","[""units"", ""EA"", ""units"", ""boxes""]"
L2_C_050,L2_C_050,C,line_amount,"[2498.7, 19.15, 318.43, 20.64]","[2498.7, 402.15, 318.43, 227.04]"
L2_D_001,L2_D_001,D,total_amount,2993.33,2938.33
L2_D_001,L2_D_001,D,part_number,"[""EV-910"", ""EV-940"", ""EV-905"", ""JQ-940""]","[""EV-410"", ""EV-940"", ""EV-305"", ""JQ-940""]"
L2_D_001,L2_D_001,D,unit,"[""boxes"", null, null, null]","[""boxes"", ""boxes"", ""EA"", ""units""]"
L2_D_001,L2_D_001,D,line_amount,"[175.8, 292.18, 2031.1, 251.18]","[175.8, 292.18, 2033.1, 251.18]"
L2_D_002,L2_D_002,D,currency,null,"""USD"""
L2_D_002,L2_D_002,D,part_number,"[""HM-100"", ""GX-675"", ""HM-618"", ""IR-220"", ""IR-220""]","[""HM-100"", ""GX-725"", ""HM-618"", ""IR-220"", ""HM-220""]"
L2_D_002,L2_D_002,D,quantity,"[5, 26, 60, 23, 38]","[5, 26, 40, 23, 38]"
L2_D_002,L2_D_002,D,unit_price,"[14.75, 7.27, 9.83, 82.53, 14.92]","[14.75, 7.27, 89.35, 82.11, 14.92]"
L2_D_002,L2_D_002,D,line_amount,"[73.75, 189.02, 589.8, 1888.53, 566.96]","[73.75, 189.02, 3574.0, 1888.53, 566.96]"
L2_D_003,L2_D_003,D,po_number,"""L2_D_003""","""PO-2025-6954"""
L2_D_003,L2_D_003,D,po_date,"""2026-01-31""","""2026-03-13"""
L2_D_003,L2_D_003,D,currency,null,"""USD"""
L2_D_003,L2_D_003,D,total_amount,5733.2,5873.2
L2_D_003,L2_D_003,D,part_number,"[""EM-220"", ""IN-521"", ""IR-220"", ""BK-512"", ""GX-410""]","[""HM-220"", ""CN-512"", ""IR-220"", ""BK-512"", ""GX-410""]"
L2_D_003,L2_D_003,D,unit,"[""boxes"", null, null, null, null]","[""boxes"", ""boxes"", ""sets"", ""units"", ""units""]"
L2_D_003,L2_D_003,D,unit_price,"[4.97, 4.07, 58.2, 39.34, 41.28]","[4.97, 47.2, 58.32, 33.94, 41.28]"
L2_D_004,L2_D_004,D,po_date,"""2022-06-10""","""2026-06-10"""
L2_D_004,L2_D_004,D,part_number,"[""JO-830"", ""PT-240"", ""GX-240""]","[""JQ-830"", ""FT-940"", ""GX-220""]"
L2_D_004,L2_D_004,D,unit,"[""pcs"", ""pcs"", ""pcs""]","[""pcs"", ""pcs"", ""units""]"
L2_D_004,L2_D_004,D,unit_price,"[74.76, 60.42, 19.27]","[74.46, 60.42, 19.27]"
L2_D_004,L2_D_004,D,line_amount,"[446.76, 2358.38, 578.1]","[446.76, 2356.38, 578.1]"
L2_D_005,L2_D_005,D,currency,"""USD""","""JPY"""
L2_D_005,L2_D_005,D,part_number,"[""HW-410"", ""HW-725"", ""JQ-910"", ""AX-618""]","[""HM-410"", ""EV-725"", ""JQ-940"", ""AX-618""]"
L2_D_005,L2_D_005,D,quantity,"[26, 72, 7, 10]","[26, 22, 7, 10]"
L2_D_005,L2_D_005,D,unit,"[""EA"", ""pcs"", null, ""units""]","[""EA"", ""boxes"", ""sets"", ""units""]"
L2_D_005,L2_D_005,D,line_amount,"[1620.58, 2260.14, 413.77, 855.5]","[1620.58, 690.14, 413.77, 855.5]"
L2_D_006,L2_D_006,D,part_number,"[""CN-830"", ""PT-735"", ""CN-305"", ""CN-830"", ""GK-830""]","[""CN-830"", ""FT-725"", ""CN-305"", ""CN-830"", ""GX-830""]"
L2_D_006,L2_D_006,D,quantity,"[29, 14, 90, 6, 80]","[29, 14, 20, 6, 10]"
L2_D_006,L2_D_006,D,unit_price,"[55.42, 56.31, 19.75, 65.54, 13.0]","[55.42, 56.43, 99.75, 65.54, 10.3]"
L2_D_006,L2_D_006,D,line_amount,"[1607.18, 790.02, 1995.0, 393.24, 1040.0]","[1607.18, 790.02, 1995.0, 393.24, 103.0]"
L2_D_007,L2_D_007,D,po_number,"""PO-2025-6498""","""PO-2025-4698"""
L2_D_007,L2_D_007,D,po_date,"""2023-01-15""","""2025-01-15"""
L2_D_007,L2_D_007,D,part_number,"[""EV-725"", ""AX-330"", ""BK-305"", ""BK-940"", ""BK-940""]","[""EV-725"", ""AX-830"", ""BK-305"", ""BK-940"", ""BK-940""]"
L2_D_007,L2_D_007,D,unit,"[null, null, null, null, null]","[""units"", ""boxes"", ""units"", ""units"", ""units""]"
L2_D_007,L2_D_007,D,unit_price,"[71.79, 37.96, 58.67, 47.51, 26.03]","[71.79, 37.96, 58.87, 47.56, 26.03]"
L2_D_007,L2_D_007,D,line_amount,"[1220.43, 1442.48, 529.63, 903.64, 182.21]","[1220.43, 1442.48, 529.83, 903.64, 182.21]"
L2_D_008,L2_D_008,D,part_number,"[""JO-512"", ""JW-305"", ""EW-110"", ""IR-220""]","[""JQ-512"", ""HM-305"", ""EV-100"", ""IR-220""]"
L2_D_008,L2_D_008,D,quantity,"[12, 18, 5, 3]","[12, 18, 5, 33]"
L2_D_008,L2_D_008,D,unit,"[""units"", ""pcs"", ""pcs"", ""boxes""]","[""units"", ""units"", ""boxes"", ""boxes""]"
L2_D_008,L2_D_008,D,unit_price,"[5.46, 8.02, 66.36, 10.09]","[5.46, 8.02, 66.32, 10.09]"
L2_D_008,L2_D_008,D,line_amount,"[65.52, 144.36, 331.8, 32.97]","[65.52, 144.36, 331.6, 332.97]"
L2_D_009,L2_D_009,D,po_date,"""2024-01-11""","""2024-11-05"""
L2_D_009,L2_D_009,D,total_amount,8744.62,8654.46
L2_D_009,L2_D_009,D,part_number,"[""DX-8310"", ""PN-230"", ""C-330""]","[""DX-830"", ""FT-220"", ""CN-830""]"
L2_D_009,L2_D_009,D,unit,"[""EA"", ""EA"", ""EA""]","[""EA"", ""EA"", ""sets""]"
L2_D_009,L2_D_009,D,unit_price,"[78.69, 86.81, 93.53]","[78.69, 86.48, 93.53]"
L2_D_010,L2_D_010,D,po_number,"""PO-2022-6653""","""PO-2026-6653"""
L2_D_010,L2_D_010,D,part_number,"[""EM-512"", ""GX-830""]","[""HM-512"", ""GX-830""]"
L2_D_010,L2_D_010,D,unit,"[""pcs"", ""pcs""]","[""sets"", ""boxes""]"
L2_D_011,L2_D_011,D,po_number,"""L2_D_011""","""PO-2025-9687"""
L2_D_011,L2_D_011,D,part_number,"[""EV-220"", ""DX-410"", ""DX-618"", ""DK-610"", ""HK-618""]","[""EV-220"", ""DX-410"", ""CN-618"", ""BK-100"", ""HM-618""]"
L2_D_011,L2_D_011,D,quantity,"[19, 30, 23, 2, 8]","[19, 39, 23, 2, 8]"
L2_D_011,L2_D_011,D,unit,"[""boxes"", null, null, ""sets"", ""EA""]","[""boxes"", ""units"", ""units"", ""sets"", ""EA""]"
L2_D_011,L2_D_011,D,unit_price,"[34.83, 0.43, 67.91, 7.93, 53.48]","[34.83, 40.33, 68.42, 67.93, 53.48]"
L2_D_011,L2_D_011,D,line_amount,"[661.77, 1278.87, 1573.66, 15.86, 427.84]","[661.77, 1572.87, 1573.66, 135.86, 427.84]"
L2_D_012,L2_D_012,D,po_number,"""PO-202-4552""","""PO-2026-4552"""
L2_D_012,L2_D_012,D,po_date,"""2024-06-09""","""2024-09-06"""
L2_D_012,L2_D_012,D,part_number,"[""J0-305"", ""PM-220"", ""F-512""]","[""JQ-305"", ""HM-220"", ""FT-512""]"
L2_D_012,L2_D_012,D,quantity,"[26, 13, 1]","[26, 13, 19]"
L2_D_012,L2_D_012,D,unit,"[""pcs"", ""pcs"", ""EA""]","[""pcs"", ""sets"", ""EA""]"
L2_D_012,L2_D_012,D,unit_price,"[66.33, 26.83, 77.1]","[66.33, 26.83, 77.4]"
L2_D_012,L2_D_012,D,line_amount,"[1724.58, 348.79, 140.6]","[1724.58, 348.79, 1470.6]"
L2_D_013,L2_D_013,D,po_date,"""2022-06-21""","""2026-06-21"""
L2_D_013,L2_D_013,D,part_number,"[""BK-305"", ""BK-330"", ""BK-512"", ""CK-100"", ""FT-725""]","[""BK-305"", ""BK-830"", ""BK-512"", ""CN-100"", ""FT-725""]"
L2_D_013,L2_D_013,D,quantity,"[13, 39, 8, 3, 25]","[13, 29, 8, 3, 26]"
L2_D_013,L2_D_013,D,unit,"[""units"", ""units"", ""units"", ""units"", ""units""]","[""units"", ""boxes"", ""sets"", ""pcs"", ""units""]"
L2_D_013,L2_D_013,D,unit_price,"[65.26, 43.6, 5.12, 96.89, 28.11]","[65.26, 23.4, 5.42, 89.86, 28.11]"
L2_D_013,L2_D_013,D,line_amount,"[848.38, 678.6, 40.96, 290.67, 702.86]","[848.38, 678.6, 43.36, 269.58, 730.86]"
L2_D_014,L2_D_014,D,po_date,"""2022-09-14""","""2026-09-14"""
L2_D_014,L2_D_014,D,part_number,"[""BK-518"", ""MX-512"", ""GW-610"", ""FT-830""]","[""BK-618"", ""HM-512"", ""GX-410"", ""FT-830""]"
L2_D_014,L2_D_014,D,quantity,"[2, 23, 13, 26]","[21, 23, 13, 26]"
L2_D_014,L2_D_014,D,unit_price,"[41.26, 9.81, 56.34, 89.85]","[41.26, 9.88, 56.34, 89.85]"
L2_D_015,L2_D_015,D,part_number,"[""AX-618"", ""IX-830"", ""IX-220"", ""AX-230"", ""CN-100""]","[""AX-618"", ""IR-830"", ""DX-220"", ""AX-830"", ""CN-100""]"
L2_D_015,L2_D_015,D,unit,"[""pcs"", ""pcs"", ""pcs"", ""units"", ""EA""]","[""pcs"", ""units"", ""pcs"", ""units"", ""EA""]"
L2_D_015,L2_D_015,D,unit_price,"[5.63, 13.56, 202.82, 49.91, 25.78]","[5.63, 13.58, 74.62, 49.91, 25.78]"
L2_D_015,L2_D_015,D,line_amount,"[16.89, 366.66, 2208.02, 549.01, 103.12]","[16.89, 366.66, 820.82, 549.01, 103.12]"
L2_D_016,L2_D_016,D,total_amount,2109.0,2872.3
L2_D_016,L2_D_016,D,part_number,"[""GX-618"", ""FX-410""]","[""GX-618"", ""FT-410""]"
L2_D_017,L2_D_017,D,po_date,"""2024-01-23""","""2024-12-03"""
L2_D_017,L2_D_017,D,total_amount,2231.97,2231.99
L2_D_017,L2_D_017,D,part_number,"[""J-00-725"", ""J-00-721"", ""J-00-512""]","[""JQ-725"", ""BK-100"", ""JQ-512""]"
L2_D_017,L2_D_017,D,quantity,"[8, 3, 1]","[8, 3, 13]"
L2_D_017,L2_D_017,D,unit,"[""EA"", null, null]","[""EA"", ""pcs"", ""sets""]"
L2_D_017,L2_D_017,D,unit_price,"[79.52, 82.1, 92.76]","[79.52, 88.2, 92.76]"
L2_D_017,L2_D_017,D,line_amount,"[636.16, 246.6, 105.88]","[636.16, 264.6, 1205.88]"
L2_D_018,L2_D_018,D,total_amount,3839.0,3839.44
L2_D_018,L2_D_018,D,part_number,"[""EV-618"", ""DK-220"", ""DK-210"", ""DK-512"", ""CN-830""]","[""EV-618"", ""DX-220"", ""IR-940"", ""DX-512"", ""CN-830""]"
L2_D_018,L2_D_018,D,unit_price,"[63.46, 56.66, 62.65, 7.49, 13.04]","[63.46, 56.66, 62.65, 77.49, 13.04]"
L2_D_019,L2_D_019,D,total_amount,2328.0,2328.01
L2_D_019,L2_D_019,D,unit,"[""pcs"", null]","[""pcs"", ""sets""]"
L2_D_020,L2_D_020,D,po_number,"""L2_D_020""","""PO-2025-4731"""
L2_D_020,L2_D_020,D,po_date,"""2024-01-19""","""2024-07-19"""
L2_D_020,L2_D_020,D,part_number,"[""JO-830"", ""MG-430"", ""WG-110"", ""CN-100"", ""BK-830""]","[""JQ-830"", ""JQ-830"", ""HM-410"", ""CN-100"", ""BK-830""]"
L2_D_021,L2_D_021,D,part_number,"[""EM-512"", ""DX-010"", ""J-305""]","[""HM-512"", ""DX-410"", ""JQ-305""]"
L2_D_021,L2_D_021,D,quantity,"[39, 29, 32]","[39, 29, 29]"
L2_D_021,L2_D_021,D,unit,"[""pcs"", ""pcs"", ""units""]","[""pcs"", ""boxes"", ""units""]"
L2_D_021,L2_D_021,D,line_amount,"[1887.6, 2150.35, 1871.91]","[1887.6, 2150.35, 1704.91]"
L2_D_022,L2_D_022,D,part_number,"[""AX-725"", ""BX-220"", ""CX-330"", ""DX-430"", ""FB-830""]","[""AX-725"", ""DX-220"", ""CN-830"", ""HM-830"", ""FT-830""]"
L2_D_023,L2_D_023,D,total_amount,4201.34,4460.66
L2_D_023,L2_D_023,D,part_number,"[""PT-100"", ""JQ-100""]","[""FT-100"", ""JQ-100""]"
L2_D_023,L2_D_023,D,unit,"[""pcs"", ""pcs""]","[""pcs"", ""boxes""]"
L2_D_024,L2_D_024,D,part_number,"[""EV-901"", ""PK-618"", ""BK-630""]","[""EV-940"", ""FT-618"", ""BK-830""]"
L2_D_024,L2_D_024,D,unit,"[""sets"", null, null]","[""sets"", ""sets"", ""units""]"
L2_D_025,L2_D_025,D,total_amount,1235.0,1235.4
L2_D_025,L2_D_025,D,part_number,"[""CN-831"", ""AK-512""]","[""CN-830"", ""AX-512""]"
L2_D_025,L2_D_025,D,unit,"[""EA"", null]","[""EA"", ""sets""]"
L2_D_026,L2_D_026,D,po_date,"""2024-01-15""","""2024-02-15"""
L2_D_026,L2_D_026,D,currency,null,"""USD"""
L2_D_026,L2_D_026,D,part_number,"[""FT-830"", ""EW-330"", ""EW-305"", ""EW-100"", ""CN-305""]","[""FT-830"", ""HM-830"", ""EV-305"", ""EV-100"", ""CN-305""]"
L2_D_026,L2_D_026,D,quantity,"[39, 35, 36, 16, 24]","[39, 35, 38, 16, 24]"
L2_D_026,L2_D_026,D,unit,"[""units"", ""units"", ""units"", ""units"", ""units""]","[""units"", ""boxes"", ""boxes"", ""EA"", ""units""]"
L2_D_026,L2_D_026,D,unit_price,"[35.59, 64.51, 19.43, 49.64, 29.87]","[35.59, 84.51, 14.93, 49.46, 29.87]"
L2_D_026,L2_D_026,D,line_amount,"[1380.01, 2257.85, 567.34, 791.36, 716.88]","[1388.01, 2957.85, 567.34, 791.36, 716.88]"
L2_D_027,L2_D_027,D,currency,null,"""JPY"""
L2_D_027,L2_D_027,D,part_number,"[""IR-100"", ""MX-940"", ""AW-795"", ""FT-305""]","[""IR-100"", ""HM-940"", ""AX-725"", ""FT-305""]"
L2_D_027,L2_D_027,D,quantity,"[25, 24, 3, 11]","[25, 24, 36, 11]"
L2_D_027,L2_D_027,D,unit,"[""boxes"", null, ""sets"", null]","[""boxes"", ""EA"", ""sets"", ""pcs""]"
L2_D_027,L2_D_027,D,unit_price,"[20.0, 16.5, 1135.8, 94.8]","[20.08, 16.5, 31.55, 94.88]"
L2_D_027,L2_D_027,D,line_amount,"[502.0, 396.0, 1135.8, 1042.8]","[502.0, 396.0, 1135.8, 1043.68]"
L2_D_028,L2_D_028,D,po_date,"""2025-01-24""","""2025-11-24"""
L2_D_028,L2_D_028,D,unit,"[""pcs"", null]","[""pcs"", ""boxes""]"
L2_D_029,L2_D_029,D,po_date,"""2023-02-04""","""2025-02-04"""
L2_D_029,L2_D_029,D,total_amount,3467.3,3677.7
L2_D_029,L2_D_029,D,unit,"[null, null]","[""units"", ""sets""]"
L2_D_030,L2_D_030,D,po_date,"""2026-01-07""","""2026-07-01"""
L2_D_030,L2_D_030,D,part_number,"[""JV-305"", ""JU-240"", ""IR-618"", ""BK-100"", ""BR-830""]","[""EV-305"", ""JQ-220"", ""IR-618"", ""BK-100"", ""IR-830""]"
L2_D_030,L2_D_030,D,quantity,"[28, 28, 15, 39, 31]","[28, 28, 15, 39, 19]"
L2_D_030,L2_D_030,D,unit,"[""sets"", ""EA"", ""pcs"", ""units"", ""units""]","[""sets"", ""EA"", ""pcs"", ""sets"", ""units""]"
L2_D_030,L2_D_030,D,unit_price,"[80.76, 15.68, 31.72, 76.1, 26.42]","[80.76, 15.68, 31.72, 76.1, 42.62]"
L2_D_031,L2_D_031,D,total_amount,2998.71,3927.23
L2_D_031,L2_D_031,D,part_number,"[""CN-512"", ""EV-775"", ""DX-100""]","[""CN-512"", ""EV-725"", ""DX-100""]"
L2_D_031,L2_D_031,D,quantity,"[3, 32, 30]","[3, 32, 33]"
L2_D_031,L2_D_031,D,unit,"[""boxes"", ""EA"", null]","[""boxes"", ""EA"", ""pcs""]"
L2_D_031,L2_D_031,D,unit_price,"[79.54, 14.17, 97.03]","[79.54, 14.17, 90.87]"
L2_D_031,L2_D_031,D,line_amount,"[238.62, 453.44, 2918.71]","[238.62, 453.44, 2998.71]"
L2_D_032,L2_D_032,D,part_number,"[""AX-512"", ""PT-830"", ""EV-618"", ""EV-940""]","[""AX-512"", ""FT-830"", ""EV-618"", ""EV-940""]"
L2_D_032,L2_D_032,D,quantity,"[34, 30, 24, 24]","[34, 39, 24, 24]"
L2_D_032,L2_D_032,D,unit,"[""EA"", ""EA"", ""EA"", ""EA""]","[""EA"", ""EA"", ""sets"", ""pcs""]"
L2_D_032,L2_D_032,D,unit_price,"[73.83, 1.73, 18.0, 6.77]","[73.83, 7.73, 18.0, 6.77]"
L2_D_032,L2_D_032,D,line_amount,"[2510.22, 51.9, 432.0, 162.48]","[2510.22, 301.47, 432.0, 162.48]"
L2_D_033,L2_D_033,D,po_date,"""2023-09-08""","""2025-09-08"""
L2_D_033,L2_D_033,D,total_amount,526.74,5286.74
L2_D_033,L2_D_033,D,unit,"[""boxes"", null, null, null]","[""boxes"", ""EA"", ""units"", ""sets""]"
L2_D_033,L2_D_033,D,unit_price,"[3.26, 42.13, 51.31, 85.14]","[3.26, 42.38, 51.33, 84.91]"
L2_D_033,L2_D_033,D,line_amount,"[35.86, 1395.84, 564.63, 2971.85]","[35.86, 1398.54, 564.63, 2971.85]"
L2_D_034,L2_D_034,D,part_number,"[""EX-410"", ""EX-305"", ""G-202""]","[""BK-410"", ""EV-305"", ""GX-220""]"
L2_D_034,L2_D_034,D,unit,"[""EA"", ""EA"", ""EA""]","[""EA"", ""EA"", ""pcs""]"
L2_D_035,L2_D_035,D,po_date,"""2026-01-18""","""2026-08-18"""
L2_D_035,L2_D_035,D,part_number,"[""BX-220"", ""DX-305""]","[""BK-220"", ""DX-305""]"
L2_D_036,L2_D_036,D,po_date,"""2022-10-22""","""2026-10-22"""
L2_D_037,L2_D_037,D,part_number,"[""ER-618"", ""CN-230"", ""AX-220""]","[""BK-618"", ""CN-830"", ""AX-220""]"
L2_D_037,L2_D_037,D,unit,"[""pcs"", null, ""boxes""]","[""pcs"", ""boxes"", ""boxes""]"
L2_D_038,L2_D_038,D,total_amount,554.74,5548.74
L2_D_038,L2_D_038,D,part_number,"[""IT-305"", ""GK-830""]","[""FT-305"", ""GX-830""]"
L2_D_038,L2_D_038,D,unit,"[""pcs"", ""pcs""]","[""pcs"", ""units""]"
L2_D_039,L2_D_039,D,po_date,"""2022-01-14""","""2026-01-14"""
L2_D_039,L2_D_039,D,part_number,"[""GX-630"", ""GX-618"", ""BK-210"", ""BK-220"", ""CN-100""]","[""GX-830"", ""GX-618"", ""HM-940"", ""BK-220"", ""CN-100""]"
L2_D_039,L2_D_039,D,quantity,"[9, 30, 30, 11, 33]","[9, 39, 40, 11, 33]"
L2_D_039,L2_D_039,D,unit_price,"[24.28, 60.18, 59.11, 72.26, 50.73]","[24.82, 60.18, 95.11, 77.26, 50.73]"
L2_D_039,L2_D_039,D,line_amount,"[223.38, 1805.4, 1773.4, 794.86, 1674.09]","[223.38, 2347.02, 3804.4, 849.86, 1674.09]"
L2_D_040,L2_D_040,D,total_amount,1651.32,4651.07
L2_D_040,L2_D_040,D,part_number,"[""HM-9410"", ""EV-940""]","[""HM-410"", ""EV-940""]"
L2_D_040,L2_D_040,D,unit,"[""boxes"", null]","[""boxes"", ""boxes""]"
L2_D_041,L2_D_041,D,total_amount,2589.7,5815.07
L2_D_041,L2_D_041,D,part_number,"[""EV-305"", ""GK-300"", ""IR-340""]","[""EV-305"", ""GX-830"", ""IR-940""]"
L2_D_041,L2_D_041,D,quantity,"[37, 29, 30]","[37, 29, 38]"
L2_D_041,L2_D_041,D,unit,"[""sets"", null, null]","[""sets"", ""pcs"", ""units""]"
L2_D_041,L2_D_041,D,line_amount,"[2464.94, 440.22, 2044.5]","[2464.94, 440.22, 2589.7]"
L2_D_042,L2_D_042,D,po_number,"""PO-2027-7189""","""PO-2026-7189"""
L2_D_042,L2_D_042,D,po_date,"""2023-12-23""","""2025-12-23"""
L2_D_042,L2_D_042,D,total_amount,504.26,544.26
L2_D_042,L2_D_042,D,part_number,"[""PF-618"", ""PF-725""]","[""FT-618"", ""FT-725""]"
L2_D_043,L2_D_043,D,part_number,"[""IR-618"", ""GK-940""]","[""IR-618"", ""GX-940""]"
L2_D_043,L2_D_043,D,unit,"[""pcs"", null]","[""pcs"", ""sets""]"
L2_D_043,L2_D_043,D,line_amount,"[428.72, 2062.26]","[428.72, 2060.26]"
L2_D_044,L2_D_044,D,po_date,"""2024-01-17""","""2024-07-19"""
L2_D_044,L2_D_044,D,part_number,"[""FT-305"", ""GK-410"", ""IR-610"", ""JQ-725""]","[""FT-305"", ""GX-410"", ""IR-410"", ""JQ-725""]"
L2_D_044,L2_D_044,D,unit,"[""units"", ""sets"", ""boxes"", null]","[""units"", ""sets"", ""boxes"", ""EA""]"
L2_D_044,L2_D_044,D,unit_price,"[51.27, 37.61, 34.36, 6.66]","[51.27, 37.61, 84.36, 6.66]"
L2_D_044,L2_D_044,D,line_amount,"[1691.91, 789.81, 206.16, 119.88]","[1691.91, 789.81, 506.16, 119.88]"
L2_D_045,L2_D_045,D,po_date,"""2022-05-24""","""2026-05-24"""
L2_D_045,L2_D_045,D,total_amount,6534.39,6354.39
L2_D_045,L2_D_045,D,part_number,"[""GX-940"", ""EX-940"", ""AX-940"", ""EM-512""]","[""GX-940"", ""EV-940"", ""AX-940"", ""HM-512""]"
L2_D_045,L2_D_045,D,unit,"[""boxes"", null, null, null]","[""boxes"", ""sets"", ""EA"", ""units""]"
L2_D_045,L2_D_045,D,unit_price,"[80.8, 42.6, 17.1, 50.92]","[80.8, 42.6, 19.7, 50.92]"
L2_D_046,L2_D_046,D,po_date,"""2025-06-09""","""2025-09-06"""
L2_D_047,L2_D_047,D,po_date,"""2022-05-14""","""2026-05-14"""
L2_D_047,L2_D_047,D,total_amount,1721.0,1721.32
L2_D_047,L2_D_047,D,unit,"[null, null, null]","[""units"", ""pcs"", ""units""]"
L2_D_048,L2_D_048,D,part_number,"[""DX-2210"", ""CX-410"", ""GX-110"", ""JG-100""]","[""DX-220"", ""GX-410"", ""CN-410"", ""JQ-100""]"
L2_D_048,L2_D_048,D,unit,"[""boxes"", null, null, null]","[""boxes"", ""sets"", ""boxes"", ""sets""]"
L2_D_048,L2_D_048,D,unit_price,"[88.69, 85.37, 16.14, 42.2]","[88.69, 83.57, 16.14, 42.02]"
L2_D_049,L2_D_049,D,part_number,"[""JO-1010"", ""GX-512"", ""DX-930"", ""GX-512""]","[""JQ-100"", ""GX-512"", ""DX-830"", ""GX-512""]"
L2_D_049,L2_D_049,D,unit,"[""pcs"", ""pcs"", ""pcs"", ""boxes""]","[""pcs"", ""boxes"", ""sets"", ""boxes""]"
L2_D_049,L2_D_049,D,unit_price,"[65.25, 26.79, 54.24, 91.21]","[65.25, 26.79, 54.42, 91.16]"
L2_D_049,L2_D_049,D,line_amount,"[195.75, 455.43, 489.76, 182.42]","[195.75, 455.43, 489.78, 182.32]"
L2_D_050,L2_D_050,D,po_number,"""L2_D_050""","""PO-2025-7656"""
L2_D_050,L2_D_050,D,part_number,"[""IT-725"", ""IR-230"", ""IR-618"", ""CN-630"", ""EV-618""]","[""FT-725"", ""IR-220"", ""IR-618"", ""CN-830"", ""EV-618""]"
L2_D_050,L2_D_050,D,unit,"[""pcs"", ""pcs"", ""pcs"", ""pcs"", ""pcs""]","[""pcs"", ""boxes"", ""sets"", ""EA"", ""units""]"
L2_D_050,L2_D_050,D,unit_price,"[92.8, 76.05, 61.01, 76.67, 41.26]","[92.8, 70.45, 61.01, 76.67, 41.26]"
L2_D_050,L2_D_050,D,line_amount,"[2589.4, 885.4, 1708.28, 230.01, 82.52]","[2598.4, 845.4, 1708.28, 230.01, 82.52]"
L2_E_001,L2_E_001,E,po_date,"""2022-07-13""","""2026-07-13"""
L2_E_001,L2_E_001,E,part_number,"[""IW-410"", ""GX-725"", ""AX-940""]","[""EV-410"", ""GX-725"", ""AX-940""]"
L2_E_001,L2_E_001,E,quantity,"[39, 16, 16]","[39, 28, 16]"
L2_E_001,L2_E_001,E,unit,"[null, null, null]","[""pcs"", ""units"", ""units""]"
L2_E_001,L2_E_001,E,unit_price,"[23.78, 38.02, 4.03]","[83.02, 38.02, 4.03]"
L2_E_001,L2_E_001,E,line_amount,"[1064.56, 608.32, 64.48]","[3237.78, 1064.56, 64.48]"
L2_E_002,L2_E_002,E,part_number,"[""EV-512"", ""GX-410""]","[""EV-512"", ""DX-410"", ""GX-305""]"
L2_E_002,L2_E_002,E,quantity,"[1, 26]","[15, 26, 14]"
L2_E_002,L2_E_002,E,unit,"[""sets"", ""boxes""]","[""sets"", ""boxes"", ""pcs""]"
L2_E_002,L2_E_002,E,unit_price,"[310.05, 14.76]","[20.67, 14.76, 43.0]"
L2_E_002,L2_E_002,E,line_amount,"[310.05, 383.76]","[310.05, 383.76, 602.0]"
L2_E_003,L2_E_003,E,part_number,"[""AX-618"", ""AX-100""]","[""AX-618"", ""JQ-100""]"
L2_E_004,L2_E_004,E,part_number,"[""AX-305"", ""GK-512"", ""GX-305""]","[""AX-305"", ""GX-512"", ""GX-305""]"
L2_E_004,L2_E_004,E,quantity,"[18, 2, 8]","[18, 19, 18]"
L2_E_004,L2_E_004,E,unit,"[""EA"", ""boxes"", ""boxes""]","[""sets"", ""boxes"", ""boxes""]"
L2_E_004,L2_E_004,E,line_amount,"[242.1, 150.51, 421.28]","[242.1, 1430.51, 947.88]"
L2_E_005,L2_E_005,E,total_amount,3463.31,3643.31
L2_E_005,L2_E_005,E,part_number,"[""CN-202"", ""EV-305"", ""JQ-410"", ""JQ-305"", ""Z-207""]","[""CN-220"", ""EV-305"", ""JQ-410"", ""JQ-305"", ""HM-220""]"
L2_E_005,L2_E_005,E,quantity,"[13, 2, 34, 2, 1]","[33, 7, 34, 2, 6]"
L2_E_005,L2_E_005,E,unit,"[""each"", ""EA"", ""units"", ""pieces"", ""box""]","[""boxes"", ""EA"", ""units"", ""sets"", ""boxes""]"
L2_E_005,L2_E_005,E,unit_price,"[13.02, 21.97, 2.61, 53.75, 156.72]","[13.02, 21.97, 82.61, 53.55, 26.12]"
L2_E_005,L2_E_005,E,line_amount,"[429.66, 153.79, 280.74, 107.1, 156.72]","[429.66, 153.79, 2808.74, 107.1, 156.72]"
L2_E_006,L2_E_006,E,po_date,"""2023-12-27""","""2025-10-27"""
L2_E_006,L2_E_006,E,total_amount,1465.8,1465.48
L2_E_006,L2_E_006,E,part_number,"[""EV-618"", ""DL-725"", ""DL-725""]","[""EV-618"", ""JQ-725"", ""DX-725""]"
L2_E_006,L2_E_006,E,quantity,"[80, 6, 27]","[5, 6, 27]"
L2_E_006,L2_E_006,E,unit,"[""pcs"", null, null]","[""pcs"", ""pcs"", ""pcs""]"
L2_E_006,L2_E_006,E,unit_price,"[5.03, 55.21, 27.01]","[80.55, 55.62, 27.01]"
L2_E_007,L2_E_007,E,po_date,"""2026-04-05""","""2026-01-05"""
L2_E_007,L2_E_007,E,part_number,"[""GX-830"", ""GX-725"", ""GX-220""]","[""GX-830"", ""BK-725"", ""GX-220""]"
L2_E_007,L2_E_007,E,quantity,"[33, 38, 3]","[33, 38, 13]"
L2_E_007,L2_E_007,E,unit,"[""boxes"", null, null]","[""boxes"", ""boxes"", ""pcs""]"
L2_E_007,L2_E_007,E,unit_price,"[45.65, 63.68, 44.54]","[45.65, 60.83, 44.54]"
L2_E_008,L2_E_008,E,po_number,"""L2_E_008""","""PO-2025-3434"""
L2_E_008,L2_E_008,E,total_amount,531.1,5319.1
L2_E_008,L2_E_008,E,part_number,"[""TR-220"", ""C0-725""]","[""IR-220"", ""GX-725"", ""JQ-512"", ""IR-100"", ""CN-725""]"
L2_E_008,L2_E_008,E,quantity,"[70, 18]","[20, 34, 31, 18, 31]"
L2_E_008,L2_E_008,E,unit,"[""pcs"", ""boxes""]","[""pcs"", ""pcs"", ""boxes"", ""pcs"", ""pcs""]"
L2_E_008,L2_E_008,E,unit_price,"[12.35, 39.39]","[57.72, 12.55, 66.76, 59.39, 19.6]"
L2_E_008,L2_E_008,E,line_amount,"[865.0, 707.02]","[1154.4, 426.7, 2069.56, 1069.02, 607.6]"
L2_E_009,L2_E_009,E,part_number,"[""J30-830"", ""GX-512"", ""DX-220"", ""J30-830"", ""R410""]","[""JQ-830"", ""GX-512"", ""DX-220"", ""DX-830"", ""IR-410""]"
L2_E_009,L2_E_009,E,quantity,"[2, 25, 10, 4, 17]","[27, 25, 10, 14, 17]"
L2_E_009,L2_E_009,E,unit,"[""pcs"", ""pcs"", ""pcs"", ""pcs"", ""pcs""]","[""boxes"", ""pcs"", ""pcs"", ""EA"", ""pcs""]"
L2_E_009,L2_E_009,E,unit_price,"[87.14, 69.68, 15.24, 87.86, 44.71]","[87.14, 69.68, 15.24, 86.18, 44.71]"
L2_E_009,L2_E_009,E,line_amount,"[174.28, 1742.0, 152.4, 351.44, 760.07]","[2352.78, 1742.0, 152.4, 1206.52, 760.07]"
L2_E_010,L2_E_010,E,po_number,"""ID-PO-2024-5830""","""PO-2024-5830"""
L2_E_010,L2_E_010,E,po_date,"""2026-03-01""","""2026-03-13"""
L2_E_010,L2_E_010,E,quantity,"[29, 2]","[29, 4]"
L2_E_010,L2_E_010,E,unit,"[""boxes"", null]","[""boxes"", ""units""]"
L2_E_010,L2_E_010,E,unit_price,"[97.99, 49.97]","[97.99, 49.77]"
L2_E_010,L2_E_010,E,line_amount,"[2841.71, 99.94]","[2841.71, 199.08]"
L2_E_011,L2_E_011,E,po_number,"""No. P-2025-6681""","""PO-2025-6681"""
L2_E_011,L2_E_011,E,po_date,"""2021-07-01""","""2026-07-07"""
L2_E_011,L2_E_011,E,part_number,"[""HM-618"", ""Q-618""]","[""HM-618"", ""JQ-618"", ""EV-725""]"
L2_E_011,L2_E_011,E,quantity,"[20, 3]","[20, 16, 31]"
L2_E_011,L2_E_011,E,unit,"[""sets"", ""sets""]","[""sets"", ""units"", ""sets""]"
L2_E_011,L2_E_011,E,unit_price,"[51.75, 148.5]","[73.17, 51.75, 14.85]"
L2_E_011,L2_E_011,E,line_amount,"[1035.0, 460.35]","[1463.4, 828.0, 460.35]"
L2_E_012,L2_E_012,E,po_date,"""2023-03-04""","""2025-03-04"""
L2_E_012,L2_E_012,E,part_number,"[""CH-305"", ""PT-725"", ""DX-630""]","[""CN-305"", ""FT-725"", ""DX-830"", ""AX-940""]"
L2_E_012,L2_E_012,E,quantity,"[1, 4, 2]","[18, 4, 16, 23]"
L2_E_012,L2_E_012,E,unit,"[""units"", ""pcs"", ""boxes""]","[""units"", ""pcs"", ""boxes"", ""boxes""]"
L2_E_012,L2_E_012,E,unit_price,"[66.99, 81.07, 83.13]","[36.99, 81.07, 13.83, 78.92]"
L2_E_012,L2_E_012,E,line_amount,"[665.82, 324.28, 221.28]","[665.82, 324.28, 221.28, 1815.16]"
L2_E_013,L2_E_013,E,po_number,"""L2_E_013""","""PO-2025-3572"""
L2_E_013,L2_E_013,E,part_number,"[""PL-306"", ""GK-100""]","[""FT-305"", ""GX-100""]"
L2_E_014,L2_E_014,E,po_number,"""PO-2024-2360""","""PO-2024-3260"""
L2_E_014,L2_E_014,E,po_date,"""2023-05-28""","""2026-05-28"""
L2_E_014,L2_E_014,E,total_amount,1055.78,1065.78
L2_E_014,L2_E_014,E,part_number,"[""AX-940"", ""AX-305"", ""AX-305"", ""IR-512""]","[""AX-940"", ""GX-305"", ""AX-305"", ""IR-512""]"
L2_E_014,L2_E_014,E,unit,"[""pcs"", ""pcs"", ""units"", ""pcs""]","[""pcs"", ""sets"", ""units"", ""sets""]"
L2_E_015,L2_E_015,E,po_number,"""No.2024-5940""","""PO-2024-5940"""
L2_E_015,L2_E_015,E,unit,"[""boxes"", ""boxes"", ""EA"", ""pcs"", null]","[""EA"", ""boxes"", ""EA"", ""pcs"", ""pcs""]"
L2_E_016,L2_E_016,E,total_amount,456.68,4546.68
L2_E_016,L2_E_016,E,part_number,"[""GK-725"", ""GK-830"", ""TR-725"", ""GK-512"", ""EM-830""]","[""GX-725"", ""CN-830"", ""IR-725"", ""GX-512"", ""HM-830""]"
L2_E_016,L2_E_016,E,unit,"[""pcs"", ""EA"", ""pcs"", ""pcs"", ""sets""]","[""pcs"", ""EA"", ""units"", ""units"", ""sets""]"
L2_E_016,L2_E_016,E,unit_price,"[16.36, 9.65, 9.65, 52.86, 64.37]","[16.36, 8.09, 9.65, 52.86, 64.37]"
L2_E_016,L2_E_016,E,line_amount,"[130.88, 67.55, 289.5, 1955.82, 2124.21]","[130.88, 56.63, 289.5, 1955.82, 2124.21]"
L2_E_017,L2_E_017,E,currency,null,"""USD"""
L2_E_017,L2_E_017,E,part_number,"[""FR-312"", ""AX-305""]","[""FT-512"", ""AX-305""]"
L2_E_017,L2_E_017,E,unit,"[""boxes"", null]","[""boxes"", ""EA""]"
L2_E_017,L2_E_017,E,unit_price,"[17.01, 30.81]","[17.02, 30.81]"
L2_E_018,L2_E_018,E,po_number,"""PO Number: 2024-1732""","""PO-2024-1732"""
L2_E_018,L2_E_018,E,part_number,"[""M-305"", ""M-830"", ""Z-245"", ""P-740"", ""BK-305""]","[""HM-305"", ""HM-830"", ""JQ-725"", ""FT-940"", ""BK-305""]"
L2_E_018,L2_E_018,E,quantity,"[23, 34, 2, 6, 10]","[23, 34, 22, 16, 30]"
L2_E_018,L2_E_018,E,unit_price,"[78.57, 64.37, 10.75, 90.27, 74.12]","[78.57, 64.37, 10.75, 90.22, 74.12]"
L2_E_018,L2_E_018,E,line_amount,"[1807.11, 2188.58, 21.5, 543.62, 741.2]","[1807.11, 2188.58, 236.5, 1443.52, 2223.6]"
L2_E_019,L2_E_019,E,po_number,"""L2_E_019""","""PO-2024-5018"""
L2_E_019,L2_E_019,E,po_date,"""2026-08-26""","""2026-06-28"""
L2_E_019,L2_E_019,E,part_number,"[""AX-618"", ""IR-618"", ""BK-920"", ""EX-20"", ""CD-100""]","[""AX-618"", ""IR-618"", ""BK-940"", ""EV-220"", ""CN-100""]"
L2_E_019,L2_E_019,E,quantity,"[1, 2, 18, 20, 1]","[39, 13, 18, 20, 21]"
L2_E_019,L2_E_019,E,unit_price,"[249.99, 254.54, 10.92, 16.12, 95.31]","[6.41, 42.66, 10.92, 16.12, 95.31]"
L2_E_019,L2_E_019,E,line_amount,"[249.99, 554.58, 196.56, 322.4, 95.31]","[249.99, 554.58, 196.56, 322.4, 2001.51]"
L2_E_020,L2_E_020,E,po_number,"""PO-2025-933""","""PO-2025-9333"""
L2_E_020,L2_E_020,E,part_number,"[""RC-220"", ""DC-100""]","[""GX-220"", ""DX-100""]"
L2_E_021,L2_E_021,E,po_date,"""2022-05-17""","""2026-05-17"""
L2_E_021,L2_E_021,E,part_number,"[""J1A"", ""M1-512""]","[""JQ-512"", ""HM-512""]"
L2_E_021,L2_E_021,E,quantity,"[1, 2]","[31, 2]"
L2_E_021,L2_E_021,E,unit,"[null, null]","[""EA"", ""units""]"
L2_E_021,L2_E_021,E,unit_price,"[96.9, 7.9]","[96.19, 7.9]"
L2_E_022,L2_E_022,E,total_amount,6127.42,6472.42
L2_E_022,L2_E_022,E,part_number,"[""F-618"", ""F-618"", ""F-100"", ""AX-100"", ""HM-725""]","[""FT-618"", ""FT-618"", ""FT-100"", ""AX-100"", ""HM-725""]"
L2_E_022,L2_E_022,E,quantity,"[15, 30, 1, 2, 28]","[15, 30, 31, 2, 28]"
L2_E_022,L2_E_022,E,unit,"[""boxes"", ""EA"", null, null, null]","[""boxes"", ""EA"", ""EA"", ""EA"", ""units""]"
L2_E_022,L2_E_022,E,line_amount,"[927.3, 862.8, 95.98, 123.32, 1581.16]","[927.3, 862.8, 2975.38, 123.32, 1581.16]"
L2_E_023,L2_E_023,E,po_number,"""L2_E_023""","""PO-2024-8283"""
L2_E_023,L2_E_023,E,total_amount,600.14,6080.14
L2_E_023,L2_E_023,E,part_number,"[""1.30-512"", ""FR-100"", ""J-010"", ""CX-220""]","[""JQ-512"", ""FT-100"", ""JQ-410"", ""GX-220""]"
L2_E_023,L2_E_023,E,quantity,"[16, 16, 33, 14]","[14, 16, 33, 14]"
L2_E_023,L2_E_023,E,unit,"[""boxes"", ""boxes"", ""pcs"", ""boxes""]","[""EA"", ""boxes"", ""pcs"", ""boxes""]"
L2_E_023,L2_E_023,E,unit_price,"[10.82, 9.05, 9.64, 9.46]","[10.82, 98.05, 90.64, 98.46]"
L2_E_023,L2_E_023,E,line_amount,"[151.48, 160.8, 2991.12, 1187.46]","[151.48, 1568.8, 2991.12, 1378.44]"
L2_E_024,L2_E_024,E,part_number,"[""AX-618"", ""R-830""]","[""AX-618"", ""IR-830""]"
L2_E_024,L2_E_024,E,unit,"[""sets"", null]","[""sets"", ""sets""]"
L2_E_024,L2_E_024,E,unit_price,"[64.81, null]","[64.81, 28.86]"
L2_E_025,L2_E_025,E,po_date,"""2025-06-15""","""2026-05-17"""
L2_E_025,L2_E_025,E,part_number,"[""L2_E_025"", ""3Q-618"", ""3X-618""]","[""BK-100"", ""JQ-618"", ""DX-618""]"
L2_E_025,L2_E_025,E,quantity,"[23, 20, 17]","[23, 29, 17]"
L2_E_025,L2_E_025,E,unit,"[""pcs"", ""pcs"", ""pcs""]","[""sets"", ""boxes"", ""pcs""]"
L2_E_025,L2_E_025,E,unit_price,"[32.46, 117.73, 12.57]","[32.46, 81.19, 12.57]"
L2_E_026,L2_E_026,E,part_number,"[""AX-940"", ""CX-220"", ""JX-100"", ""CX-220""]","[""AX-940"", ""GX-220"", ""JQ-100"", ""GX-220""]"
L2_E_026,L2_E_026,E,quantity,"[29, 20, 6, 26]","[29, 20, 28, 26]"
L2_E_026,L2_E_026,E,unit,"[""EA"", ""EA"", ""sets"", ""boxes""]","[""pcs"", ""units"", ""sets"", ""boxes""]"
L2_E_026,L2_E_026,E,unit_price,"[8.05, 85.29, 24.84, 47.49]","[8.45, 85.29, 24.84, 47.49]"
L2_E_026,L2_E_026,E,line_amount,"[234.45, 1705.8, 149.04, 1234.74]","[245.05, 1705.8, 695.52, 1234.74]"
L2_E_027,L2_E_027,E,po_number,"""PO-2026-8282""","""PO-2026-8284"""
L2_E_027,L2_E_027,E,part_number,"[""GX-940"", ""Z1A""]","[""GX-940"", ""IR-305""]"
L2_E_027,L2_E_027,E,quantity,"[10, 59]","[10, 21]"
L2_E_027,L2_E_027,E,unit,"[""boxes"", null]","[""boxes"", ""EA""]"
L2_E_027,L2_E_027,E,unit_price,"[32.54, null]","[32.54, 59.2]"
L2_E_028,L2_E_028,E,po_number,"""PO Number: 20224-4282""","""PO-2024-4282"""
L2_E_028,L2_E_028,E,total_amount,518.64,5518.64
L2_E_028,L2_E_028,E,part_number,"[""FR-618"", ""CM-220"", ""AX-410"", ""DX-830"", ""CM-100""]","[""FT-618"", ""CN-220"", ""AX-410"", ""DX-830"", ""CN-100""]"
L2_E_028,L2_E_028,E,quantity,"[1, 2, 4, 1, 26]","[31, 21, 4, 31, 26]"
L2_E_028,L2_E_028,E,unit,"[""units"", ""sheets"", ""EA"", ""boxes"", ""boxes""]","[""units"", ""sets"", ""EA"", ""boxes"", ""boxes""]"
L2_E_028,L2_E_028,E,unit_price,"[60.78, 43.03, 50.6, 63.14, null]","[60.78, 43.03, 50.6, 63.14, 22.12]"
L2_E_028,L2_E_028,E,line_amount,"[1884.18, 903.63, 202.4, 157.12, 575.12]","[1884.18, 903.63, 202.4, 1957.34, 575.12]"
L2_E_029,L2_E_029,E,po_number,"""L2_E_029""","""PO-2024-5292"""
L2_E_029,L2_E_029,E,part_number,"[""FR-618"", ""EV-220""]","[""EV-220"", ""BK-618"", ""FT-618""]"
L2_E_029,L2_E_029,E,quantity,"[21, 14]","[14, 10, 21]"
L2_E_029,L2_E_029,E,unit,"[""pcs"", ""pcs""]","[""pcs"", ""EA"", ""EA""]"
L2_E_029,L2_E_029,E,unit_price,"[57.54, 41.11]","[4.11, 39.13, 46.71]"
L2_E_029,L2_E_029,E,line_amount,"[1208.34, 574.54]","[57.54, 391.3, 980.91]"
L2_E_030,L2_E_030,E,total_amount,421.4,4421.4
L2_E_030,L2_E_030,E,part_number,"[""J-30-840"", ""J-20-220"", ""FR-618""]","[""JQ-830"", ""JQ-220"", ""IR-618"", ""FT-618""]"
L2_E_030,L2_E_030,E,quantity,"[7, 1, 35]","[10, 7, 34, 35]"
L2_E_030,L2_E_030,E,unit,"[""EA"", ""EA"", null]","[""EA"", ""EA"", ""sets"", ""units""]"
L2_E_030,L2_E_030,E,unit_price,"[85.43, 52.3, 40.04]","[85.45, 78.9, 40.04, 47.5]"
L2_E_030,L2_E_030,E,line_amount,"[854.3, 52.3, 1401.4]","[854.5, 552.3, 1361.36, 1662.5]"
L2_E_031,L2_E_031,E,po_number,"""FO-2025-3575""","""PO-2025-3575"""
L2_E_031,L2_E_031,E,po_date,"""2026-05-02""","""2026-02-05"""
L2_E_031,L2_E_031,E,part_number,"[""Part1-IR-618"", ""TR-618"", ""Part3-GX-618""]","[""IR-618"", ""IR-618"", ""GX-618""]"
L2_E_031,L2_E_031,E,quantity,"[1, 3, 30]","[7, 39, 30]"
L2_E_031,L2_E_031,E,unit,"[null, ""sets"", ""sets""]","[""EA"", ""sets"", ""sets""]"
L2_E_031,L2_E_031,E,unit_price,"[30.91, 6.0, 47.82]","[30.91, 6.03, 47.82]"
L2_E_032,L2_E_032,E,po_date,"""2023-07-01""","""2026-01-07"""
L2_E_032,L2_E_032,E,part_number,"[""EV-512"", ""EV-940"", ""EV-618"", ""AX-830""]","[""EV-512"", ""CN-940"", ""EV-618"", ""AX-830""]"
L2_E_032,L2_E_032,E,quantity,"[14, 12, 2, 2]","[14, 14, 2, 27]"
L2_E_033,L2_E_033,E,po_number,"""PO-2025-784""","""PO-2025-7843"""
L2_E_033,L2_E_033,E,po_date,"""2023-05-03""","""2025-03-05"""
L2_E_033,L2_E_033,E,total_amount,5088.14,5808.14
L2_E_033,L2_E_033,E,part_number,"[""CH-512"", ""FR-618"", ""QX-920"", ""JX-100""]","[""CN-512"", ""FT-618"", ""GX-940"", ""JQ-100""]"
L2_E_033,L2_E_033,E,quantity,"[33, 33, 34, 22]","[10, 33, 28, 22]"
L2_E_033,L2_E_033,E,unit,"[""EA"", ""EA"", ""EA"", ""EA""]","[""pcs"", ""EA"", ""boxes"", ""EA""]"
L2_E_033,L2_E_033,E,unit_price,"[26.0, 81.42, 37.32, 59.52]","[58.6, 81.42, 43.72, 59.52]"
L2_E_033,L2_E_033,E,line_amount,"[856.0, 2686.86, 1274.16, 1309.44]","[586.0, 2686.86, 1224.16, 1309.44]"
L2_E_034,L2_E_034,E,part_number,"[""GX-S12"", ""IR-220""]","[""GX-512"", ""IR-220""]"
L2_E_034,L2_E_034,E,quantity,"[3, 16]","[13, 16]"
L2_E_034,L2_E_034,E,unit,"[""EA"", ""EA""]","[""EA"", ""sets""]"
L2_E_034,L2_E_034,E,line_amount,"[64.5, 488.48]","[279.5, 488.48]"
L2_E_035,L2_E_035,E,currency,null,"""EUR"""
L2_E_035,L2_E_035,E,total_amount,3733.2,3734.2
L2_E_035,L2_E_035,E,quantity,"[310, 31, 6]","[40, 31, 6]"
L2_E_035,L2_E_035,E,unit,"[""units"", ""sets"", null]","[""units"", ""sets"", ""units""]"
L2_E_036,L2_E_036,E,part_number,"[""BK-725"", ""CK-512"", ""BK-410"", ""TR-220"", ""IK-618""]","[""BK-725"", ""CN-512"", ""BK-410"", ""IR-220"", ""IR-618""]"
L2_E_036,L2_E_036,E,quantity,"[1, 17, 1, 4, 6]","[13, 17, 20, 28, 6]"
L2_E_036,L2_E_036,E,unit,"[""sets"", ""units"", ""unit"", ""boxes"", ""sets""]","[""pcs"", ""units"", ""sets"", ""boxes"", ""sets""]"
L2_E_036,L2_E_036,E,line_amount,"[915.98, 1509.26, 1346.6, 397.0, 456.18]","[915.98, 1509.26, 1346.6, 2779.0, 456.18]"
L2_E_037,L2_E_037,E,total_amount,522.23,5222.23
L2_E_037,L2_E_037,E,part_number,"[""HK-940"", ""EX-305"", ""C-220""]","[""BK-940"", ""EV-305"", ""CN-512"", ""CN-220"", ""FT-305""]"
L2_E_037,L2_E_037,E,quantity,"[33, 30, 36]","[33, 30, 3, 36, 19]"
L2_E_037,L2_E_037,E,unit,"[""EA"", ""EA"", ""EA""]","[""EA"", ""EA"", ""pcs"", ""pcs"", ""EA""]"
L2_E_037,L2_E_037,E,unit_price,"[47.1, 15.75, 61.68]","[47.21, 15.75, 61.48, 74.66, 17.04]"
L2_E_037,L2_E_037,E,line_amount,"[1557.93, 472.5, 184.44]","[1557.93, 472.5, 184.44, 2687.76, 323.76]"
L2_E_038,L2_E_038,E,total_amount,389.96,3890.96
L2_E_038,L2_E_038,E,part_number,"[""AK-410"", ""AX-725"", ""PT-940"", ""Gx-725""]","[""BK-410"", ""AX-725"", ""FT-940"", ""GX-725""]"
L2_E_038,L2_E_038,E,quantity,"[14, 12, 1, 15]","[14, 12, 8, 15]"
L2_E_038,L2_E_038,E,unit,"[""EA"", ""EA"", ""EA"", ""EA""]","[""pcs"", ""units"", ""EA"", ""pcs""]"
L2_E_038,L2_E_038,E,unit_price,"[6.64, 7.95, 81.93, 93.56]","[68.64, 72.95, 81.93, 93.56]"
L2_E_038,L2_E_038,E,line_amount,"[93.44, 95.4, 81.93, 1403.4]","[960.96, 875.4, 655.44, 1403.4]"
L2_E_039,L2_E_039,E,part_number,"[""JG-305""]","[""JQ-305"", ""GX-305""]"
L2_E_039,L2_E_039,E,quantity,[36],"[36, 8]"
L2_E_039,L2_E_039,E,unit,"[""boxes""]","[""boxes"", ""boxes""]"
L2_E_039,L2_E_039,E,unit_price,[79.54],"[79.54, 60.79]"
L2_E_039,L2_E_039,E,line_amount,[486.32],"[2863.44, 486.32]"
L2_E_040,L2_E_040,E,total_amount,95.52,495.52
L2_E_040,L2_E_040,E,quantity,"[11, null]","[5, 11]"
L2_E_040,L2_E_040,E,unit,"[""EA"", null]","[""EA"", ""units""]"
L2_E_040,L2_E_040,E,line_amount,"[77.4, 127.02]","[77.4, 427.02]"
L2_E_041,L2_E_041,E,po_number,"""PO-2024-4327""","""PO-2024-4372"""
L2_E_041,L2_E_041,E,total_amount,3435.63,3435.43
L2_E_041,L2_E_041,E,part_number,"[""H-MD"", ""D-X100"", ""C-940"", ""C-830""]","[""HM-100"", ""DX-100"", ""CN-940"", ""GX-830"", ""DX-725""]"
L2_E_041,L2_E_041,E,quantity,"[35, 33, 15, 17]","[35, 33, 15, 17, 12]"
L2_E_041,L2_E_041,E,unit,"[""pcs"", ""pcs"", ""EA"", null]","[""pcs"", ""EA"", ""EA"", ""boxes"", ""EA""]"
L2_E_041,L2_E_041,E,unit_price,"[33.52, 8.86, 14.3, null]","[33.52, 8.86, 14.3, 51.73, 72.72]"
L2_E_041,L2_E_041,E,line_amount,"[1173.2, 292.38, 214.5, null]","[1173.2, 292.38, 214.5, 879.41, 872.64]"
L2_E_042,L2_E_042,E,total_amount,531.92,5513.92
L2_E_042,L2_E_042,E,part_number,"[""EV-970"", ""SV-725"", ""CX-930"", ""CX-930"", ""AX-101""]","[""EV-940"", ""EV-725"", ""GX-940"", ""CN-830"", ""AX-100""]"
L2_E_042,L2_E_042,E,quantity,"[1, 37, 2, 1, 11]","[7, 37, 21, 32, 11]"
L2_E_042,L2_E_042,E,unit,"[""EA"", ""EA"", ""EA"", ""EA"", ""EA""]","[""EA"", ""sets"", ""units"", ""EA"", ""units""]"
L2_E_042,L2_E_042,E,unit_price,"[34.59, 73.21, 487.45, 289.6, 9.58]","[76.37, 73.21, 46.45, 9.05, 91.78]"
L2_E_042,L2_E_042,E,line_amount,"[34.59, 2708.77, 975.45, 289.6, 105.38]","[534.59, 2708.77, 975.45, 289.6, 1009.58]"
L2_E_043,L2_E_043,E,part_number,"[""GX-410"", ""FM-100"", ""CL-512"", ""CL-100""]","[""GX-410"", ""FT-100"", ""CN-512"", ""CN-100""]"
L2_E_043,L2_E_043,E,quantity,"[1, 32, 18, 20]","[5, 32, 18, 40]"
L2_E_043,L2_E_043,E,unit,"[""pcs"", ""EA"", ""EA"", ""pcs""]","[""EA"", ""EA"", ""EA"", ""pcs""]"
L2_E_043,L2_E_043,E,unit_price,"[6.79, 5.38, 61.33, 58.68]","[65.79, 5.38, 61.33, 58.68]"
L2_E_043,L2_E_043,E,line_amount,"[6.79, 172.16, 1103.94, 1173.6]","[328.95, 172.16, 1103.94, 2347.2]"
L2_E_044,L2_E_044,E,po_number,"""L2-2026-7743""","""PO-2026-7743"""
L2_E_044,L2_E_044,E,total_amount,391.59,3919.59
L2_E_044,L2_E_044,E,part_number,"[""K-512"", ""KX-220""]","[""GX-512"", ""AX-220"", ""EV-725""]"
L2_E_044,L2_E_044,E,quantity,"[16, 20]","[19, 12, 28]"
L2_E_044,L2_E_044,E,unit,"[""pcs"", ""EA""]","[""pcs"", ""pcs"", ""EA""]"
L2_E_044,L2_E_044,E,unit_price,"[82.01, 98.12]","[75.38, 82.01, 53.45]"
L2_E_044,L2_E_044,E,line_amount,"[1303.36, 1964.6]","[1432.22, 984.12, 1496.6]"
L2_E_045,L2_E_045,E,po_date,"""2022-04-17""","""2026-04-17"""
L2_E_045,L2_E_045,E,currency,null,"""EUR"""
L2_E_045,L2_E_045,E,part_number,"[""GX-220"", ""GX-410"", ""BK-100""]","[""GX-220"", ""JQ-410"", ""BK-100""]"
L2_E_046,L2_E_046,E,po_date,"""2023-12-03""","""2025-12-03"""
L2_E_046,L2_E_046,E,total_amount,3149.55,3449.55
L2_E_046,L2_E_046,E,part_number,"[""IF-816"", ""GX-305"", ""SR-512"", ""IF-940"", ""IF-100""]","[""FT-618"", ""GX-305"", ""IR-512"", ""HM-940"", ""FT-100""]"
L2_E_046,L2_E_046,E,quantity,"[2, 2, 40, 25, 1]","[26, 2, 40, 25, 14]"
L2_E_046,L2_E_046,E,unit,"[""pcs"", ""pcs"", ""pcs"", ""pcs"", ""boxes""]","[""pcs"", ""pcs"", ""EA"", ""sets"", ""boxes""]"
L2_E_046,L2_E_046,E,unit_price,"[61.86, 46.8, 14.04, 46.29, 32.34]","[61.86, 46.78, 14.04, 46.29, 2.31]"
L2_E_046,L2_E_046,E,line_amount,"[123.72, 93.56, 561.6, 1157.25, 32.34]","[1608.36, 93.56, 561.6, 1157.25, 32.34]"
L2_E_047,L2_E_047,E,po_number,"""No. P-2026-3345""","""PO-2026-3345"""
L2_E_047,L2_E_047,E,part_number,"[""EV-940"", ""B-830"", ""CN-220""]","[""EV-940"", ""BK-830"", ""CN-220""]"
L2_E_047,L2_E_047,E,quantity,"[33, 1, 17]","[33, 12, 17]"
L2_E_047,L2_E_047,E,unit,"[""pcs"", ""unit"", ""pcs""]","[""sets"", ""units"", ""pcs""]"
L2_E_047,L2_E_047,E,unit_price,"[80.99, 89.5, 25.0]","[80.09, 89.85, 25.85]"
L2_E_047,L2_E_047,E,line_amount,"[2642.97, 1078.2, 425.0]","[2642.97, 1078.2, 439.45]"
L2_E_048,L2_E_048,E,po_number,"""PO-2024-652""","""PO-2024-6452"""
L2_E_048,L2_E_048,E,part_number,"[""DX-940"", ""BK-512"", ""FP-725""]","[""GX-940"", ""BK-512"", ""JQ-410"", ""FT-725""]"
L2_E_048,L2_E_048,E,quantity,"[26, 16, 38]","[26, 16, 9, 38]"
L2_E_048,L2_E_048,E,unit,"[""sets"", ""pcs"", null]","[""sets"", ""pcs"", ""pcs"", ""units""]"
L2_E_048,L2_E_048,E,unit_price,"[91.2, 23.91, 38.04]","[91.2, 23.91, 10.74, 38.04]"
L2_E_048,L2_E_048,E,line_amount,"[2371.2, 382.56, 1445.52]","[2371.2, 382.56, 96.66, 1445.52]"
L2_E_049,L2_E_049,E,po_date,"""2025-08-10""","""2025-08-30"""
L2_E_049,L2_E_049,E,part_number,"[""AX-618"", ""BX-512"", ""DX-830""]","[""AX-618"", ""BK-512"", ""DX-830""]"
L2_E_049,L2_E_049,E,unit,"[""boxes"", null, ""boxes""]","[""boxes"", ""units"", ""boxes""]"
L2_E_050,L2_E_050,E,po_number,"""L2_E_050""","""PO-2026-7427"""
L2_E_050,L2_E_050,E,part_number,"[""V-512"", ""CN-616"", ""V-630"", ""H-512"", ""DX-100""]","[""EV-512"", ""CN-618"", ""EV-830"", ""HM-512"", ""DX-100""]"
L2_E_050,L2_E_050,E,quantity,"[27, 3, 5, 38, 5]","[27, 37, 5, 38, 15]"
L2_E_050,L2_E_050,E,unit,"[""EA"", ""EA"", ""EA"", ""EA"", ""EA""]","[""EA"", ""units"", ""EA"", ""EA"", ""boxes""]"
L2_E_050,L2_E_050,E,unit_price,"[9.04, 40.59, 85.28, 15.48, 23.88]","[9.04, 40.59, 85.28, 15.48, 23.38]"
L2_E_050,L2_E_050,E,line_amount,"[244.08, 1217.47, 426.4, 588.24, 119.4]","[244.08, 1501.83, 426.4, 588.24, 350.7]"
